# Oil refining capacity, throughput and utilisation
# capacity_kbd and throughput_kbd in thousand barrels per day; utilisation in percent
# Original source: Energy Institute Statistical Review of World Energy
# Compiled by Muhammad Ikram, https://drmuhammadikram.com/data/refining/
# Free to use. Please cite the original source and this compilation.
iso_numeric,country,year,capacity_kbd,throughput_kbd,utilisation_pct
012,Algeria,1965,54.22,,
012,Algeria,1966,54.22,,
012,Algeria,1967,54.22,,
012,Algeria,1968,54.22,,
012,Algeria,1969,54.22,,
012,Algeria,1970,57.74,,
012,Algeria,1971,57.74,,
012,Algeria,1972,116.28,,
012,Algeria,1973,116.28,,
012,Algeria,1974,116.28,,
012,Algeria,1975,116.28,,
012,Algeria,1976,116.28,,
012,Algeria,1977,116.28,,
012,Algeria,1978,110.0,,
012,Algeria,1979,134.0,,
012,Algeria,1980,440.0,226.31,51.43
012,Algeria,1981,440.0,307.26,69.83
012,Algeria,1982,440.0,411.68,93.56
012,Algeria,1983,440.0,377.55,85.81
012,Algeria,1984,440.0,410.56,93.31
012,Algeria,1985,440.0,407.67,92.65
012,Algeria,1986,434.0,434.46,100.11
012,Algeria,1987,434.0,411.52,94.82
012,Algeria,1988,434.0,436.3,100.53
012,Algeria,1989,434.0,416.81,96.04
012,Algeria,1990,434.0,421.08,97.02
012,Algeria,1991,434.0,421.81,97.19
012,Algeria,1992,434.0,423.18,97.51
012,Algeria,1993,434.0,419.58,96.68
012,Algeria,1994,434.0,396.1,91.27
012,Algeria,1995,434.0,407.95,94.0
012,Algeria,1996,434.0,386.67,89.09
012,Algeria,1997,434.0,413.19,95.21
012,Algeria,1998,434.0,385.28,88.77
012,Algeria,1999,434.0,439.16,101.19
012,Algeria,2000,434.0,427.54,98.51
012,Algeria,2001,434.0,446.39,102.85
012,Algeria,2002,434.0,434.3,100.07
012,Algeria,2003,434.0,439.76,101.33
012,Algeria,2004,442.97,365.53,82.52
012,Algeria,2005,442.97,355.94,80.35
012,Algeria,2006,442.97,381.78,86.19
012,Algeria,2007,442.97,391.36,88.35
012,Algeria,2008,444.5,429.41,96.6
012,Algeria,2009,554.27,475.16,85.73
012,Algeria,2010,554.27,548.14,98.89
012,Algeria,2011,652.35,520.49,79.79
012,Algeria,2012,652.35,478.49,73.35
012,Algeria,2013,646.55,492.13,76.12
012,Algeria,2014,650.86,614.8,94.46
012,Algeria,2015,650.86,590.54,90.73
012,Algeria,2016,650.86,584.18,89.75
012,Algeria,2017,657.0,572.68,87.17
012,Algeria,2018,657.0,600.74,91.44
012,Algeria,2019,657.0,569.43,86.67
012,Algeria,2020,657.0,584.82,89.01
012,Algeria,2021,657.0,588.13,89.52
012,Algeria,2022,657.0,650.0,98.93
012,Algeria,2023,657.0,646.0,98.33
012,Algeria,2024,657.0,617.0,93.91
012,Algeria,2025,647.0,652.56,100.86
031,Azerbaijan,1980,600.0,,
031,Azerbaijan,1981,720.0,,
031,Azerbaijan,1982,720.0,,
031,Azerbaijan,1983,720.0,,
031,Azerbaijan,1984,720.0,,
031,Azerbaijan,1985,720.0,,
031,Azerbaijan,1986,720.0,,
031,Azerbaijan,1987,720.0,,
031,Azerbaijan,1988,720.0,,
031,Azerbaijan,1989,720.0,,
031,Azerbaijan,1990,720.0,330.35,45.88
031,Azerbaijan,1991,650.0,317.7,48.88
031,Azerbaijan,1992,490.0,239.05,48.78
031,Azerbaijan,1993,450.0,200.31,44.51
031,Azerbaijan,1994,430.0,187.77,43.67
031,Azerbaijan,1995,405.0,180.96,44.68
031,Azerbaijan,1996,345.0,178.98,51.88
031,Azerbaijan,1997,405.0,180.04,44.45
031,Azerbaijan,1998,405.0,187.41,46.27
031,Azerbaijan,1999,405.0,156.5,38.64
031,Azerbaijan,2000,405.0,164.74,40.68
031,Azerbaijan,2001,325.0,125.75,38.69
031,Azerbaijan,2002,325.0,127.06,39.1
031,Azerbaijan,2003,325.0,126.14,38.81
031,Azerbaijan,2004,325.0,126.17,38.82
031,Azerbaijan,2005,325.0,148.45,45.68
031,Azerbaijan,2006,325.0,150.34,46.26
031,Azerbaijan,2007,325.0,150.29,46.24
031,Azerbaijan,2008,325.0,147.23,45.3
031,Azerbaijan,2009,325.0,121.22,37.3
031,Azerbaijan,2010,325.0,123.9,38.12
031,Azerbaijan,2011,325.0,127.26,39.16
031,Azerbaijan,2012,325.0,124.24,38.23
031,Azerbaijan,2013,325.0,131.97,40.6
031,Azerbaijan,2014,325.0,134.68,41.44
031,Azerbaijan,2015,325.0,130.23,40.07
031,Azerbaijan,2016,325.0,120.16,36.97
031,Azerbaijan,2017,205.0,118.05,57.58
031,Azerbaijan,2018,163.0,122.31,75.04
031,Azerbaijan,2019,120.0,124.4,103.66
031,Azerbaijan,2020,120.0,118.14,98.45
031,Azerbaijan,2021,120.0,133.15,110.96
031,Azerbaijan,2022,120.0,126.04,105.03
031,Azerbaijan,2023,120.0,126.02,105.01
031,Azerbaijan,2024,120.0,116.6,97.17
031,Azerbaijan,2025,120.0,114.23,95.19
032,Argentina,1965,402.32,,
032,Argentina,1966,414.2,,
032,Argentina,1967,412.3,,
032,Argentina,1968,423.7,,
032,Argentina,1969,434.15,,
032,Argentina,1970,437.69,,
032,Argentina,1971,603.92,,
032,Argentina,1972,602.0,,
032,Argentina,1973,624.0,,
032,Argentina,1974,721.0,,
032,Argentina,1975,684.0,,
032,Argentina,1976,703.0,,
032,Argentina,1977,655.0,,
032,Argentina,1978,684.0,,
032,Argentina,1979,684.0,,
032,Argentina,1980,684.0,481.18,70.35
032,Argentina,1981,684.0,483.42,70.68
032,Argentina,1982,684.0,466.13,68.15
032,Argentina,1983,677.0,447.75,66.14
032,Argentina,1984,677.0,433.49,64.03
032,Argentina,1985,677.0,420.36,62.09
032,Argentina,1986,677.0,397.31,58.69
032,Argentina,1987,679.0,389.78,57.4
032,Argentina,1988,682.0,398.24,58.39
032,Argentina,1989,681.0,413.15,60.67
032,Argentina,1990,681.0,424.22,62.29
032,Argentina,1991,685.0,424.36,61.95
032,Argentina,1992,679.0,454.1,66.88
032,Argentina,1993,679.0,455.42,67.07
032,Argentina,1994,654.0,479.34,73.29
032,Argentina,1995,639.0,457.01,71.52
032,Argentina,1996,640.0,479.89,74.98
032,Argentina,1997,644.0,515.63,80.07
032,Argentina,1998,642.0,544.63,84.83
032,Argentina,1999,618.0,552.56,89.41
032,Argentina,2000,625.0,521.73,83.48
032,Argentina,2001,613.0,523.4,85.38
032,Argentina,2002,613.0,502.2,81.92
032,Argentina,2003,615.0,524.57,85.3
032,Argentina,2004,620.0,539.48,87.01
032,Argentina,2005,615.0,538.08,87.49
032,Argentina,2006,617.0,567.58,91.99
032,Argentina,2007,628.0,600.4,95.6
032,Argentina,2008,628.0,577.73,91.99
032,Argentina,2009,625.0,531.66,85.06
032,Argentina,2010,625.0,530.96,84.95
032,Argentina,2011,625.0,515.89,82.54
032,Argentina,2012,657.0,529.68,80.62
032,Argentina,2013,657.0,527.11,80.23
032,Argentina,2014,657.0,526.49,80.14
032,Argentina,2015,657.0,535.67,81.53
032,Argentina,2016,657.0,510.55,77.71
032,Argentina,2017,657.0,499.56,76.04
032,Argentina,2018,580.0,470.2,81.07
032,Argentina,2019,580.0,476.07,82.08
032,Argentina,2020,580.0,417.09,71.91
032,Argentina,2021,580.0,471.79,81.34
032,Argentina,2022,580.0,488.74,84.27
032,Argentina,2023,580.0,518.72,89.43
032,Argentina,2024,600.0,524.97,87.49
032,Argentina,2025,600.0,540.31,90.05
036,Australia,1965,462.0,,
036,Australia,1966,455.0,,
036,Australia,1967,496.0,,
036,Australia,1968,543.0,,
036,Australia,1969,554.0,,
036,Australia,1970,603.0,,
036,Australia,1971,624.0,,
036,Australia,1972,640.0,,
036,Australia,1973,686.0,,
036,Australia,1974,689.0,,
036,Australia,1975,702.0,,
036,Australia,1976,691.0,,
036,Australia,1977,715.0,,
036,Australia,1978,715.0,,
036,Australia,1979,730.0,,
036,Australia,1980,723.0,569.16,78.72
036,Australia,1981,725.0,533.93,73.64
036,Australia,1982,725.0,545.59,75.25
036,Australia,1983,725.0,505.49,69.72
036,Australia,1984,723.0,506.59,70.07
036,Australia,1985,670.0,495.31,73.93
036,Australia,1986,659.0,481.99,73.14
036,Australia,1987,647.0,481.69,74.45
036,Australia,1988,660.0,512.68,77.68
036,Australia,1989,662.0,532.48,80.43
036,Australia,1990,662.0,532.98,80.51
036,Australia,1991,677.0,536.5,79.25
036,Australia,1992,694.0,559.32,80.59
036,Australia,1993,703.0,584.27,83.11
036,Australia,1994,708.0,599.45,84.67
036,Australia,1995,730.0,602.79,82.57
036,Australia,1996,751.0,634.27,84.46
036,Australia,1997,793.0,661.63,83.43
036,Australia,1998,810.0,687.29,84.85
036,Australia,1999,828.0,682.45,82.42
036,Australia,2000,828.0,673.88,81.39
036,Australia,2001,815.0,635.44,77.97
036,Australia,2002,829.0,669.7,80.78
036,Australia,2003,756.0,668.11,88.37
036,Australia,2004,763.0,615.22,80.63
036,Australia,2005,752.0,605.37,80.5
036,Australia,2006,730.0,597.14,81.8
036,Australia,2007,748.0,614.49,82.15
036,Australia,2008,759.0,570.08,75.11
036,Australia,2009,759.0,576.64,75.97
036,Australia,2010,762.0,605.98,79.53
036,Australia,2011,765.0,626.67,81.92
036,Australia,2012,749.0,599.51,80.04
036,Australia,2013,690.0,587.61,85.16
036,Australia,2014,655.0,538.29,82.18
036,Australia,2015,486.0,427.06,87.87
036,Australia,2016,461.0,433.37,94.01
036,Australia,2017,469.0,419.19,89.38
036,Australia,2018,474.0,474.03,100.01
036,Australia,2019,474.0,464.6,98.02
036,Australia,2020,474.0,388.15,81.89
036,Australia,2021,313.0,327.56,104.65
036,Australia,2022,237.0,264.32,111.53
036,Australia,2023,237.0,263.73,111.28
036,Australia,2024,237.0,254.2,107.26
036,Australia,2025,237.0,259.69,109.57
040,Austria,1965,80.0,,
040,Austria,1966,80.0,,
040,Austria,1967,80.0,,
040,Austria,1968,80.0,,
040,Austria,1969,80.0,,
040,Austria,1970,151.0,,
040,Austria,1971,151.0,,
040,Austria,1972,151.0,,
040,Austria,1973,221.0,,
040,Austria,1974,221.0,,
040,Austria,1975,221.0,,
040,Austria,1976,291.0,,
040,Austria,1977,291.0,,
040,Austria,1978,291.0,,
040,Austria,1979,291.0,,
040,Austria,1980,291.0,195.0,67.01
040,Austria,1981,291.0,177.76,61.09
040,Austria,1982,201.0,151.53,75.39
040,Austria,1983,201.0,134.22,66.78
040,Austria,1984,201.0,141.82,70.56
040,Austria,1985,201.0,148.23,73.75
040,Austria,1986,201.0,146.5,72.89
040,Austria,1987,201.0,146.71,72.99
040,Austria,1988,201.0,136.4,67.86
040,Austria,1989,201.0,142.31,70.8
040,Austria,1990,201.0,160.52,79.86
040,Austria,1991,201.0,166.96,83.06
040,Austria,1992,201.0,175.69,87.41
040,Austria,1993,201.0,171.95,85.55
040,Austria,1994,201.0,179.63,89.37
040,Austria,1995,201.0,173.95,86.54
040,Austria,1996,201.0,176.37,87.75
040,Austria,1997,201.0,189.17,94.11
040,Austria,1998,201.0,189.08,94.07
040,Austria,1999,201.0,174.84,86.98
040,Austria,2000,201.0,167.16,83.16
040,Austria,2001,201.0,177.8,88.46
040,Austria,2002,201.0,180.73,89.92
040,Austria,2003,201.0,178.96,89.03
040,Austria,2004,200.82,170.88,85.09
040,Austria,2005,200.82,177.14,88.21
040,Austria,2006,200.82,171.9,85.6
040,Austria,2007,200.82,174.31,86.8
040,Austria,2008,200.82,176.04,87.66
040,Austria,2009,200.82,169.01,84.16
040,Austria,2010,200.82,157.7,78.53
040,Austria,2011,192.79,167.97,87.13
040,Austria,2012,192.79,169.67,88.01
040,Austria,2013,192.79,174.01,90.26
040,Austria,2014,192.79,172.9,89.68
040,Austria,2015,192.79,178.84,92.76
040,Austria,2016,192.79,164.49,85.32
040,Austria,2017,192.79,161.95,84.0
040,Austria,2018,192.79,180.14,93.44
040,Austria,2019,192.79,183.24,95.05
040,Austria,2020,192.79,163.58,84.85
040,Austria,2021,192.79,165.54,85.86
040,Austria,2022,192.79,112.8,58.51
040,Austria,2023,192.79,161.1,83.56
040,Austria,2024,192.79,162.19,84.13
040,Austria,2025,193.0,162.36,84.12
048,Bahrain,1965,205.0,,
048,Bahrain,1966,205.0,,
048,Bahrain,1967,205.0,,
048,Bahrain,1968,205.0,,
048,Bahrain,1969,205.0,,
048,Bahrain,1970,205.0,,
048,Bahrain,1971,205.0,,
048,Bahrain,1972,250.0,,
048,Bahrain,1973,250.0,,
048,Bahrain,1974,250.0,,
048,Bahrain,1975,250.0,,
048,Bahrain,1976,250.0,,
048,Bahrain,1977,250.0,,
048,Bahrain,1978,260.0,,
048,Bahrain,1979,260.0,,
048,Bahrain,1980,260.0,240.33,92.43
048,Bahrain,1981,260.0,260.47,100.18
048,Bahrain,1982,260.0,200.36,77.06
048,Bahrain,1983,260.0,177.63,68.32
048,Bahrain,1984,260.0,204.98,78.84
048,Bahrain,1985,260.0,186.4,71.69
048,Bahrain,1986,260.0,246.37,94.76
048,Bahrain,1987,260.0,247.03,95.01
048,Bahrain,1988,260.0,242.29,93.19
048,Bahrain,1989,260.0,244.0,93.85
048,Bahrain,1990,260.0,251.11,96.58
048,Bahrain,1991,260.0,257.15,98.9
048,Bahrain,1992,260.0,260.09,100.04
048,Bahrain,1993,260.0,247.79,95.31
048,Bahrain,1994,260.0,248.04,95.4
048,Bahrain,1995,260.0,256.85,98.79
048,Bahrain,1996,260.0,260.52,100.2
048,Bahrain,1997,260.0,251.21,96.62
048,Bahrain,1998,260.0,248.5,95.58
048,Bahrain,1999,260.0,262.91,101.12
048,Bahrain,2000,260.0,257.14,98.9
048,Bahrain,2001,260.0,240.19,92.38
048,Bahrain,2002,260.0,248.75,95.67
048,Bahrain,2003,260.0,254.5,97.89
048,Bahrain,2004,260.0,254.25,97.79
048,Bahrain,2005,260.0,266.38,102.45
048,Bahrain,2006,260.0,258.71,99.5
048,Bahrain,2007,260.0,260.72,100.28
048,Bahrain,2008,260.0,257.41,99.0
048,Bahrain,2009,260.0,255.87,98.41
048,Bahrain,2010,260.0,265.21,102.0
048,Bahrain,2011,260.0,258.99,99.61
048,Bahrain,2012,260.0,262.7,101.04
048,Bahrain,2013,260.0,263.83,101.47
048,Bahrain,2014,260.0,257.29,98.96
048,Bahrain,2015,260.0,265.63,102.17
048,Bahrain,2016,260.0,257.77,99.14
048,Bahrain,2017,260.0,261.61,100.62
048,Bahrain,2018,260.0,259.84,99.94
048,Bahrain,2019,260.0,264.25,101.63
048,Bahrain,2020,260.0,229.73,88.36
048,Bahrain,2021,260.0,222.56,85.6
048,Bahrain,2022,260.0,251.34,96.67
048,Bahrain,2023,260.0,246.03,94.63
048,Bahrain,2024,260.0,,
048,Bahrain,2025,320.0,301.05,94.08
050,Bangladesh,1972,31.0,,
050,Bangladesh,1973,31.0,,
050,Bangladesh,1974,30.0,,
050,Bangladesh,1975,30.0,,
050,Bangladesh,1976,31.0,,
050,Bangladesh,1977,31.0,,
050,Bangladesh,1978,31.0,,
050,Bangladesh,1979,31.0,,
050,Bangladesh,1980,31.0,24.67,79.59
050,Bangladesh,1981,31.0,26.37,85.06
050,Bangladesh,1982,31.0,25.67,82.79
050,Bangladesh,1983,31.0,20.34,65.62
050,Bangladesh,1984,31.0,22.85,73.71
050,Bangladesh,1985,31.0,22.11,71.32
050,Bangladesh,1986,31.0,22.19,71.58
050,Bangladesh,1987,31.0,22.73,73.33
050,Bangladesh,1988,31.0,23.03,74.29
050,Bangladesh,1989,31.0,24.36,78.58
050,Bangladesh,1990,31.0,21.95,70.81
050,Bangladesh,1991,31.0,23.68,76.38
050,Bangladesh,1992,31.0,22.35,72.1
050,Bangladesh,1993,31.0,28.82,92.96
050,Bangladesh,1994,31.0,26.09,84.15
050,Bangladesh,1995,31.0,29.82,96.2
050,Bangladesh,1996,31.0,25.78,83.15
050,Bangladesh,1997,34.0,29.64,87.18
050,Bangladesh,1998,35.0,27.17,77.63
050,Bangladesh,1999,36.0,22.23,61.75
050,Bangladesh,2000,36.0,29.4,81.67
050,Bangladesh,2001,36.0,29.02,80.61
050,Bangladesh,2002,36.0,26.85,74.58
050,Bangladesh,2003,36.0,31.27,86.86
050,Bangladesh,2004,36.0,25.98,72.15
050,Bangladesh,2005,36.0,22.57,62.7
050,Bangladesh,2006,36.0,26.13,72.57
050,Bangladesh,2007,36.0,25.1,69.73
050,Bangladesh,2008,36.0,24.51,68.09
050,Bangladesh,2009,39.0,17.77,45.56
050,Bangladesh,2010,39.0,25.53,65.45
050,Bangladesh,2011,39.0,26.96,69.12
050,Bangladesh,2012,40.0,23.9,59.76
050,Bangladesh,2013,43.0,27.33,63.56
050,Bangladesh,2014,43.0,24.2,56.27
050,Bangladesh,2015,43.0,25.15,58.48
050,Bangladesh,2016,43.0,22.61,52.59
050,Bangladesh,2017,43.0,27.95,64.99
050,Bangladesh,2018,43.0,24.94,57.99
050,Bangladesh,2019,43.0,28.32,65.87
050,Bangladesh,2020,48.0,21.69,45.19
050,Bangladesh,2021,43.0,39.32,91.44
050,Bangladesh,2022,43.0,32.94,76.6
050,Bangladesh,2023,43.0,31.16,72.47
050,Bangladesh,2024,43.0,36.22,84.23
050,Bangladesh,2025,43.0,36.22,84.23
056,Belgium,1965,335.0,,
056,Belgium,1966,352.0,,
056,Belgium,1967,502.0,,
056,Belgium,1968,611.0,,
056,Belgium,1969,692.0,,
056,Belgium,1970,721.0,,
056,Belgium,1971,837.0,,
056,Belgium,1972,847.0,,
056,Belgium,1973,865.0,,
056,Belgium,1974,936.0,,
056,Belgium,1975,978.0,,
056,Belgium,1976,1113.0,,
056,Belgium,1977,1082.0,,
056,Belgium,1978,1076.0,,
056,Belgium,1979,1076.0,,
056,Belgium,1980,1060.0,671.0,63.3
056,Belgium,1981,1060.0,588.0,55.47
056,Belgium,1982,726.0,500.0,68.87
056,Belgium,1983,726.0,464.0,63.91
056,Belgium,1984,607.0,464.0,76.44
056,Belgium,1985,569.0,409.0,71.88
056,Belgium,1986,609.0,533.0,87.52
056,Belgium,1987,676.0,553.0,81.8
056,Belgium,1988,686.0,591.0,86.15
056,Belgium,1989,693.0,607.0,87.59
056,Belgium,1990,684.0,506.87,74.1
056,Belgium,1991,662.0,575.5,86.93
056,Belgium,1992,662.0,578.37,87.37
056,Belgium,1993,662.0,557.76,84.25
056,Belgium,1994,665.0,566.34,85.16
056,Belgium,1995,669.0,529.65,79.17
056,Belgium,1996,686.0,633.54,92.35
056,Belgium,1997,689.0,657.21,95.39
056,Belgium,1998,707.0,695.97,98.44
056,Belgium,1999,709.0,645.6,91.06
056,Belgium,2000,739.0,679.75,91.98
056,Belgium,2001,758.0,643.73,84.93
056,Belgium,2002,780.0,673.5,86.35
056,Belgium,2003,776.0,727.74,93.78
056,Belgium,2004,751.0,688.98,91.74
056,Belgium,2005,756.0,644.04,85.19
056,Belgium,2006,766.0,631.48,82.44
056,Belgium,2007,781.0,661.97,84.76
056,Belgium,2008,786.0,675.42,85.93
056,Belgium,2009,786.0,629.05,80.03
056,Belgium,2010,787.0,668.4,84.93
056,Belgium,2011,788.0,597.99,75.89
056,Belgium,2012,753.0,633.9,84.18
056,Belgium,2013,776.0,554.95,71.51
056,Belgium,2014,776.0,645.1,83.13
056,Belgium,2015,776.0,643.65,82.95
056,Belgium,2016,776.0,640.43,82.53
056,Belgium,2017,776.0,684.59,88.22
056,Belgium,2018,776.0,663.24,85.47
056,Belgium,2019,776.0,693.32,89.35
056,Belgium,2020,776.0,544.51,70.17
056,Belgium,2021,778.0,577.08,74.17
056,Belgium,2022,767.0,557.54,72.69
056,Belgium,2023,757.0,606.17,80.08
056,Belgium,2024,757.0,616.81,81.48
056,Belgium,2025,757.0,695.84,91.92
076,Brazil,1965,346.65,,
076,Brazil,1966,351.88,,
076,Brazil,1967,360.9,,
076,Brazil,1968,439.28,,
076,Brazil,1969,476.52,,
076,Brazil,1970,525.0,,
076,Brazil,1971,597.0,,
076,Brazil,1972,756.0,,
076,Brazil,1973,820.0,,
076,Brazil,1974,981.0,,
076,Brazil,1975,996.0,,
076,Brazil,1976,990.0,,
076,Brazil,1977,1110.0,,
076,Brazil,1978,1202.0,,
076,Brazil,1979,1202.0,,
076,Brazil,1980,1393.0,1085.46,77.92
076,Brazil,1981,1394.0,1049.09,75.26
076,Brazil,1982,1423.0,1037.87,72.94
076,Brazil,1983,1435.0,1011.78,70.51
076,Brazil,1984,1435.0,1075.3,74.93
076,Brazil,1985,1435.0,1084.81,75.6
076,Brazil,1986,1435.0,1154.41,80.45
076,Brazil,1987,1435.0,1181.83,82.36
076,Brazil,1988,1404.0,1187.64,84.59
076,Brazil,1989,1440.0,1192.12,82.79
076,Brazil,1990,1440.0,1173.49,81.49
076,Brazil,1991,1445.0,1139.04,78.83
076,Brazil,1992,1444.0,1177.59,81.55
076,Brazil,1993,1429.0,1192.82,83.47
076,Brazil,1994,1473.0,1258.58,85.44
076,Brazil,1995,1481.0,1226.08,82.79
076,Brazil,1996,1481.0,1312.89,88.65
076,Brazil,1997,1749.81,1409.43,80.55
076,Brazil,1998,1768.04,1518.14,85.87
076,Brazil,1999,1795.58,1581.07,88.05
076,Brazil,2000,1849.36,1588.56,85.9
076,Brazil,2001,1849.36,1645.41,88.97
076,Brazil,2002,1853.54,1612.35,86.99
076,Brazil,2003,1915.39,1602.85,83.68
076,Brazil,2004,1925.72,1698.73,88.21
076,Brazil,2005,1941.85,1703.02,87.7
076,Brazil,2006,1942.01,1707.88,87.94
076,Brazil,2007,1964.11,1741.47,88.66
076,Brazil,2008,1976.5,1760.31,89.06
076,Brazil,2009,1991.74,1781.5,89.44
076,Brazil,2010,1991.74,1787.21,89.73
076,Brazil,2011,2013.8,1813.1,90.03
076,Brazil,2012,2004.23,1889.35,94.27
076,Brazil,2013,2096.85,2035.43,97.07
076,Brazil,2014,2238.38,2085.25,93.16
076,Brazil,2015,2281.4,1971.86,86.43
076,Brazil,2016,2288.87,1812.48,79.19
076,Brazil,2017,2285.08,1741.14,76.2
076,Brazil,2018,2285.08,1732.74,75.83
076,Brazil,2019,2290.16,1750.89,76.45
076,Brazil,2020,2290.16,1768.63,77.23
076,Brazil,2021,2302.54,1818.33,78.97
076,Brazil,2022,2304.36,1935.16,83.98
076,Brazil,2023,2290.11,2003.87,87.5
076,Brazil,2024,2279.23,1989.08,87.27
076,Brazil,2025,2295.88,1976.67,86.1
100,Bulgaria,1965,54.0,,
100,Bulgaria,1966,63.0,,
100,Bulgaria,1967,63.0,,
100,Bulgaria,1968,74.0,,
100,Bulgaria,1969,100.0,,
100,Bulgaria,1970,131.0,,
100,Bulgaria,1971,161.0,,
100,Bulgaria,1972,170.0,,
100,Bulgaria,1973,201.0,,
100,Bulgaria,1974,231.0,,
100,Bulgaria,1975,231.0,,
100,Bulgaria,1976,240.0,,
100,Bulgaria,1977,241.0,,
100,Bulgaria,1978,277.0,,
100,Bulgaria,1979,277.0,,
100,Bulgaria,1980,277.0,238.33,86.04
100,Bulgaria,1981,277.0,244.2,88.16
100,Bulgaria,1982,277.0,249.42,90.04
100,Bulgaria,1983,277.0,254.64,91.93
100,Bulgaria,1984,277.0,259.15,93.56
100,Bulgaria,1985,277.0,256.05,92.44
100,Bulgaria,1986,277.0,256.05,92.44
100,Bulgaria,1987,277.0,246.81,89.1
100,Bulgaria,1988,277.0,263.24,95.03
100,Bulgaria,1989,277.0,263.96,95.29
100,Bulgaria,1990,277.0,166.56,60.13
100,Bulgaria,1991,267.0,90.45,33.88
100,Bulgaria,1992,257.0,50.45,19.63
100,Bulgaria,1993,237.0,114.37,48.26
100,Bulgaria,1994,237.0,139.75,58.97
100,Bulgaria,1995,210.0,160.5,76.43
100,Bulgaria,1996,210.0,139.27,66.32
100,Bulgaria,1997,210.0,119.77,57.03
100,Bulgaria,1998,120.0,111.56,92.96
100,Bulgaria,1999,120.0,113.48,94.57
100,Bulgaria,2000,120.0,106.43,88.69
100,Bulgaria,2001,120.0,107.46,89.55
100,Bulgaria,2002,120.0,104.85,87.37
100,Bulgaria,2003,120.0,101.15,84.29
100,Bulgaria,2004,180.0,105.8,58.78
100,Bulgaria,2005,205.0,124.19,60.58
100,Bulgaria,2006,205.0,142.78,69.65
100,Bulgaria,2007,175.0,142.5,81.43
100,Bulgaria,2008,175.0,143.12,81.78
100,Bulgaria,2009,180.0,125.45,69.7
100,Bulgaria,2010,195.0,109.95,56.38
100,Bulgaria,2011,195.0,102.08,52.35
100,Bulgaria,2012,195.0,118.04,60.53
100,Bulgaria,2013,195.0,112.9,57.9
100,Bulgaria,2014,195.0,103.5,53.08
100,Bulgaria,2015,195.0,121.24,62.17
100,Bulgaria,2016,195.0,125.33,64.27
100,Bulgaria,2017,195.0,136.25,69.87
100,Bulgaria,2018,195.0,118.08,60.55
100,Bulgaria,2019,195.0,137.46,70.49
100,Bulgaria,2020,195.0,97.43,49.97
100,Bulgaria,2021,195.0,83.7,42.92
100,Bulgaria,2022,195.0,141.26,72.44
100,Bulgaria,2023,195.0,125.99,64.61
100,Bulgaria,2024,195.0,132.69,68.04
100,Bulgaria,2025,196.0,130.0,66.33
112,Belarus,1980,780.0,,
112,Belarus,1981,780.0,,
112,Belarus,1982,780.0,,
112,Belarus,1983,780.0,,
112,Belarus,1984,780.0,,
112,Belarus,1985,780.0,,
112,Belarus,1986,780.0,,
112,Belarus,1987,780.0,,
112,Belarus,1988,780.0,,
112,Belarus,1989,780.0,,
112,Belarus,1990,780.0,839.76,107.66
112,Belarus,1991,780.0,718.32,92.09
112,Belarus,1992,780.0,411.98,52.82
112,Belarus,1993,780.0,284.28,36.45
112,Belarus,1994,780.0,255.92,32.81
112,Belarus,1995,340.0,263.44,77.48
112,Belarus,1996,340.0,247.68,72.85
112,Belarus,1997,380.0,238.17,62.68
112,Belarus,1998,500.0,231.73,46.35
112,Belarus,1999,500.0,230.66,46.13
112,Belarus,2000,500.0,270.94,54.19
112,Belarus,2001,500.0,268.02,53.6
112,Belarus,2002,500.0,306.2,61.24
112,Belarus,2003,480.0,316.77,65.99
112,Belarus,2004,460.0,369.52,80.33
112,Belarus,2005,460.0,397.67,86.45
112,Belarus,2006,460.0,426.81,92.78
112,Belarus,2007,460.0,428.73,93.2
112,Belarus,2008,460.0,426.66,92.75
112,Belarus,2009,460.0,434.46,94.45
112,Belarus,2010,460.0,330.45,71.84
112,Belarus,2011,460.0,411.16,89.38
112,Belarus,2012,460.0,433.93,94.33
112,Belarus,2013,460.0,424.86,92.36
112,Belarus,2014,460.0,447.61,97.31
112,Belarus,2015,460.0,461.95,100.42
112,Belarus,2016,460.0,372.43,80.96
112,Belarus,2017,490.0,364.01,74.29
112,Belarus,2018,520.0,365.6,70.31
112,Belarus,2019,520.0,358.53,68.95
112,Belarus,2020,520.0,326.31,62.75
112,Belarus,2021,520.0,328.68,63.21
112,Belarus,2022,520.0,295.26,56.78
112,Belarus,2023,520.0,335.26,64.47
112,Belarus,2024,520.0,295.26,56.78
112,Belarus,2025,500.0,295.26,59.05
124,Canada,1965,1089.14,,
124,Canada,1966,1140.47,,
124,Canada,1967,1238.53,,
124,Canada,1968,1280.04,,
124,Canada,1969,1344.32,,
124,Canada,1970,1396.46,,
124,Canada,1971,1651.58,,
124,Canada,1972,1683.98,,
124,Canada,1973,1846.07,,
124,Canada,1974,2034.32,,
124,Canada,1975,2089.36,,
124,Canada,1976,2150.01,,
124,Canada,1977,2152.97,,
124,Canada,1978,2216.53,,
124,Canada,1979,2231.54,,
124,Canada,1980,2154.9,1892.98,87.85
124,Canada,1981,2160.37,1759.2,81.43
124,Canada,1982,2092.68,1489.55,71.18
124,Canada,1983,1873.36,1418.75,75.73
124,Canada,1984,1891.91,1416.67,74.88
124,Canada,1985,1879.96,1376.75,73.23
124,Canada,1986,1781.27,1349.84,75.78
124,Canada,1987,1882.6,1402.91,74.52
124,Canada,1988,1847.85,1479.21,80.05
124,Canada,1989,1885.23,1511.22,80.16
124,Canada,1990,1919.51,1548.45,80.67
124,Canada,1991,1903.06,1452.36,76.32
124,Canada,1992,1911.21,1405.22,73.53
124,Canada,1993,1824.1,1492.29,81.81
124,Canada,1994,1831.69,1533.35,83.71
124,Canada,1995,1791.87,1518.24,84.73
124,Canada,1996,1806.94,1590.2,88.01
124,Canada,1997,1810.84,1647.04,90.95
124,Canada,1998,1844.46,1656.74,89.82
124,Canada,1999,1861.19,1665.41,89.48
124,Canada,2000,1860.59,1722.82,92.6
124,Canada,2001,1917.29,1771.81,92.41
124,Canada,2002,1922.64,1806.74,93.97
124,Canada,2003,1958.62,1835.28,93.7
124,Canada,2004,1915.25,1913.49,99.91
124,Canada,2005,1895.94,1845.9,97.36
124,Canada,2006,1914.22,1788.44,93.43
124,Canada,2007,1906.67,1849.5,97.0
124,Canada,2008,1951.42,1781.11,91.27
124,Canada,2009,1976.09,1731.15,87.6
124,Canada,2010,1913.18,1769.84,92.51
124,Canada,2011,2004.54,1680.93,83.86
124,Canada,2012,2014.85,1752.79,86.99
124,Canada,2013,1929.44,1718.61,89.07
124,Canada,2014,1929.44,1615.25,83.72
124,Canada,2015,1930.79,1639.52,84.91
124,Canada,2016,1933.71,1594.32,82.45
124,Canada,2017,1969.56,1757.3,89.22
124,Canada,2018,1939.2,1652.99,85.24
124,Canada,2019,2054.15,1822.02,88.7
124,Canada,2020,2065.13,1584.63,76.73
124,Canada,2021,1954.0,1653.17,84.6
124,Canada,2022,1954.0,1696.36,86.81
124,Canada,2023,1954.0,1715.52,87.8
124,Canada,2024,1954.0,1741.1,89.1
124,Canada,2025,1943.0,1737.22,89.41
152,Chile,1965,79.42,,
152,Chile,1966,86.45,,
152,Chile,1967,86.45,,
152,Chile,1968,85.5,,
152,Chile,1969,86.45,,
152,Chile,1970,105.45,,
152,Chile,1971,129.2,,
152,Chile,1972,124.0,,
152,Chile,1973,124.0,,
152,Chile,1974,124.0,,
152,Chile,1975,149.0,,
152,Chile,1976,140.0,,
152,Chile,1977,130.0,,
152,Chile,1978,138.0,,
152,Chile,1979,138.0,,
152,Chile,1980,138.0,96.33,69.81
152,Chile,1981,148.0,93.24,63.0
152,Chile,1982,148.0,67.26,45.44
152,Chile,1983,148.0,73.46,49.64
152,Chile,1984,148.0,73.96,49.97
152,Chile,1985,148.0,74.18,50.12
152,Chile,1986,148.0,81.33,54.95
152,Chile,1987,148.0,85.35,57.67
152,Chile,1988,148.0,96.05,64.9
152,Chile,1989,148.0,114.67,77.48
152,Chile,1990,148.0,122.3,82.64
152,Chile,1991,148.0,125.11,84.54
152,Chile,1992,148.0,129.68,87.62
152,Chile,1993,150.0,138.09,92.06
152,Chile,1994,162.0,149.61,92.35
152,Chile,1995,163.0,158.83,97.44
152,Chile,1996,181.0,167.79,92.7
152,Chile,1997,201.0,175.78,87.45
152,Chile,1998,201.0,193.33,96.18
152,Chile,1999,201.0,195.16,97.09
152,Chile,2000,201.0,194.51,96.77
152,Chile,2001,201.0,197.61,98.31
152,Chile,2002,218.0,193.93,88.96
152,Chile,2003,238.0,207.31,87.1
152,Chile,2004,238.0,206.86,86.92
152,Chile,2005,238.0,209.24,87.91
152,Chile,2006,234.0,217.13,92.79
152,Chile,2007,242.0,200.84,82.99
152,Chile,2008,242.0,203.94,84.27
152,Chile,2009,242.0,191.66,79.2
152,Chile,2010,242.0,158.99,65.7
152,Chile,2011,242.0,172.75,71.39
152,Chile,2012,242.0,163.76,67.67
152,Chile,2013,242.0,174.37,72.06
152,Chile,2014,242.0,174.05,71.92
152,Chile,2015,242.0,165.12,68.23
152,Chile,2016,242.0,163.4,67.52
152,Chile,2017,242.0,172.31,71.2
152,Chile,2018,242.0,171.93,71.04
152,Chile,2019,242.0,186.11,76.9
152,Chile,2020,242.0,171.85,71.01
152,Chile,2021,242.0,192.15,79.4
152,Chile,2022,242.0,174.41,72.07
152,Chile,2023,242.0,192.25,79.44
152,Chile,2024,242.0,190.04,78.53
152,Chile,2025,235.6,190.73,80.95
156,China,1965,241.5,,
156,China,1966,317.99,,
156,China,1967,317.99,,
156,China,1968,462.23,,
156,China,1969,539.81,,
156,China,1970,605.38,,
156,China,1971,768.2,,
156,China,1972,875.29,,
156,China,1973,1020.62,,
156,China,1974,1229.33,,
156,China,1975,1327.68,,
156,China,1976,1575.73,,
156,China,1977,1756.03,,
156,China,1978,1724.35,,
156,China,1979,1748.39,,
156,China,1980,1972.4,1510.0,76.56
156,China,1981,1977.86,1435.0,72.55
156,China,1982,2185.48,1447.0,66.21
156,China,1983,2237.93,1602.0,71.58
156,China,1984,2243.4,1638.0,73.01
156,China,1985,2348.3,1697.0,72.27
156,China,1986,2370.15,1839.0,77.59
156,China,1987,2435.72,1952.0,80.14
156,China,1988,2560.29,2035.0,79.48
156,China,1989,2699.07,2114.0,78.32
156,China,1990,3160.21,2153.0,68.13
156,China,1991,3160.21,2282.0,72.21
156,China,1992,3326.3,2426.0,72.93
156,China,1993,3643.2,2570.0,70.54
156,China,1994,3897.81,2548.0,65.37
156,China,1995,4386.26,2711.0,61.81
156,China,1996,4617.92,2850.0,61.72
156,China,1997,4981.81,3084.0,61.91
156,China,1998,5017.87,3060.0,60.98
156,China,1999,5901.89,3686.0,62.45
156,China,2000,5908.45,4066.61,68.83
156,China,2001,6166.34,4098.13,66.46
156,China,2002,6877.71,4333.78,63.01
156,China,2003,7322.46,4788.4,65.39
156,China,2004,7843.69,5555.03,70.82
156,China,2005,8463.42,5831.97,68.91
156,China,2006,9226.54,6234.72,67.57
156,China,2007,9455.48,6593.51,69.73
156,China,2008,10388.78,6828.38,65.73
156,China,2009,11333.91,7452.38,65.75
156,China,2010,12322.53,8408.3,68.24
156,China,2011,13014.69,8685.59,66.74
156,China,2012,13680.51,9199.25,67.24
156,China,2013,14502.78,9598.63,66.18
156,China,2014,15252.55,10165.08,66.65
156,China,2015,15024.18,10824.14,72.04
156,China,2016,14895.21,11303.88,75.89
156,China,2017,15230.99,11843.93,77.76
156,China,2018,15655.47,12573.94,80.32
156,China,2019,16199.2,13433.36,82.93
156,China,2020,16691.41,13823.65,82.82
156,China,2021,16990.26,14421.48,84.88
156,China,2022,17259.27,13995.22,81.09
156,China,2023,18467.0,15214.42,82.39
156,China,2024,18577.0,14628.86,78.75
156,China,2025,18829.0,14747.04,78.32
158,Taiwan,1965,46.0,,
158,Taiwan,1966,50.0,,
158,Taiwan,1967,50.0,,
158,Taiwan,1968,103.0,,
158,Taiwan,1969,103.0,,
158,Taiwan,1970,103.0,,
158,Taiwan,1971,122.0,,
158,Taiwan,1972,193.0,,
158,Taiwan,1973,193.0,,
158,Taiwan,1974,288.0,,
158,Taiwan,1975,274.0,,
158,Taiwan,1976,369.0,,
158,Taiwan,1977,464.0,,
158,Taiwan,1978,447.0,,
158,Taiwan,1979,447.0,,
158,Taiwan,1980,542.0,359.0,66.24
158,Taiwan,1981,542.0,335.0,61.81
158,Taiwan,1982,542.0,327.34,60.39
158,Taiwan,1983,542.0,358.45,66.14
158,Taiwan,1984,542.0,347.02,64.03
158,Taiwan,1985,570.0,344.8,60.49
158,Taiwan,1986,570.0,320.26,56.19
158,Taiwan,1987,570.0,343.86,60.33
158,Taiwan,1988,570.0,363.08,63.7
158,Taiwan,1989,570.0,423.3,74.26
158,Taiwan,1990,570.0,413.42,72.53
158,Taiwan,1991,570.0,452.24,79.34
158,Taiwan,1992,570.0,447.53,78.51
158,Taiwan,1993,570.0,498.7,87.49
158,Taiwan,1994,570.0,478.86,84.01
158,Taiwan,1995,732.0,582.17,79.53
158,Taiwan,1996,732.0,617.89,84.41
158,Taiwan,1997,732.0,631.37,86.25
158,Taiwan,1998,732.0,667.17,91.14
158,Taiwan,1999,732.0,708.28,96.76
158,Taiwan,2000,732.0,727.38,99.37
158,Taiwan,2001,874.0,761.43,87.12
158,Taiwan,2002,1159.0,789.14,68.09
158,Taiwan,2003,1159.0,888.14,76.63
158,Taiwan,2004,1159.0,998.31,86.14
158,Taiwan,2005,1159.0,1042.19,89.92
158,Taiwan,2006,1140.0,1000.31,87.75
158,Taiwan,2007,1197.0,992.19,82.89
158,Taiwan,2008,1197.0,900.05,75.19
158,Taiwan,2009,1197.0,955.58,79.83
158,Taiwan,2010,1197.0,876.26,73.2
158,Taiwan,2011,1197.0,808.68,67.56
158,Taiwan,2012,1197.0,896.97,74.94
158,Taiwan,2013,1197.0,847.4,70.79
158,Taiwan,2014,1197.0,849.59,70.98
158,Taiwan,2015,988.0,837.9,84.81
158,Taiwan,2016,988.0,860.56,87.1
158,Taiwan,2017,1083.0,848.23,78.32
158,Taiwan,2018,1083.0,889.48,82.13
158,Taiwan,2019,1083.0,890.48,82.22
158,Taiwan,2020,1130.5,725.51,64.18
158,Taiwan,2021,1130.5,769.56,68.07
158,Taiwan,2022,1083.0,815.3,75.28
158,Taiwan,2023,1083.0,806.84,74.5
158,Taiwan,2024,1140.0,778.01,68.25
158,Taiwan,2025,1140.0,812.95,71.31
170,Colombia,1965,95.0,,
170,Colombia,1966,122.55,,
170,Colombia,1967,122.55,,
170,Colombia,1968,132.05,,
170,Colombia,1969,130.53,,
170,Colombia,1970,131.1,,
170,Colombia,1971,164.68,,
170,Colombia,1972,172.0,,
170,Colombia,1973,166.0,,
170,Colombia,1974,172.0,,
170,Colombia,1975,172.0,,
170,Colombia,1976,165.0,,
170,Colombia,1977,165.0,,
170,Colombia,1978,166.0,,
170,Colombia,1979,176.0,,
170,Colombia,1980,191.0,153.26,80.24
170,Colombia,1981,191.0,165.89,86.85
170,Colombia,1982,201.0,163.3,81.24
170,Colombia,1983,212.0,185.45,87.48
170,Colombia,1984,212.0,188.01,88.69
170,Colombia,1985,212.0,186.07,87.77
170,Colombia,1986,217.0,201.99,93.08
170,Colombia,1987,227.0,225.47,99.32
170,Colombia,1988,227.0,220.18,96.99
170,Colombia,1989,227.0,242.72,106.93
170,Colombia,1990,245.0,231.92,94.66
170,Colombia,1991,253.0,244.64,96.7
170,Colombia,1992,253.0,226.78,89.64
170,Colombia,1993,253.0,241.45,95.43
170,Colombia,1994,253.0,242.14,95.71
170,Colombia,1995,275.0,256.06,93.11
170,Colombia,1996,289.0,280.02,96.89
170,Colombia,1997,306.0,277.9,90.82
170,Colombia,1998,306.0,280.45,91.65
170,Colombia,1999,313.0,284.09,90.76
170,Colombia,2000,323.0,290.85,90.05
170,Colombia,2001,323.0,302.86,93.76
170,Colombia,2002,324.0,289.2,89.26
170,Colombia,2003,318.0,302.63,95.17
170,Colombia,2004,325.0,308.07,94.79
170,Colombia,2005,325.0,299.22,92.07
170,Colombia,2006,338.0,315.55,93.36
170,Colombia,2007,338.0,315.55,93.36
170,Colombia,2008,340.0,320.23,94.19
170,Colombia,2009,350.0,301.82,86.23
170,Colombia,2010,350.0,295.38,84.39
170,Colombia,2011,336.0,286.92,85.39
170,Colombia,2012,336.0,283.96,84.51
170,Colombia,2013,336.0,249.72,74.32
170,Colombia,2014,336.0,193.02,57.45
170,Colombia,2015,276.0,201.23,72.91
170,Colombia,2016,386.0,285.49,73.96
170,Colombia,2017,386.0,306.9,79.51
170,Colombia,2018,386.0,373.0,96.63
170,Colombia,2019,386.0,381.38,98.8
170,Colombia,2020,386.0,326.0,84.46
170,Colombia,2021,385.0,361.26,93.83
170,Colombia,2022,465.0,357.53,76.89
170,Colombia,2023,465.0,419.6,90.24
170,Colombia,2024,465.0,413.78,88.99
170,Colombia,2025,465.0,414.38,89.11
203,Czech Republic,1965,24.0,,
203,Czech Republic,1966,24.0,,
203,Czech Republic,1967,58.0,,
203,Czech Republic,1968,58.0,,
203,Czech Republic,1969,58.0,,
203,Czech Republic,1970,58.0,,
203,Czech Republic,1971,58.0,,
203,Czech Republic,1972,58.0,,
203,Czech Republic,1973,58.0,,
203,Czech Republic,1974,120.0,,
203,Czech Republic,1975,120.0,,
203,Czech Republic,1976,120.0,,
203,Czech Republic,1977,120.0,,
203,Czech Republic,1978,120.0,,
203,Czech Republic,1979,120.0,,
203,Czech Republic,1980,120.0,194.0,161.67
203,Czech Republic,1981,120.0,200.0,166.67
203,Czech Republic,1982,177.0,186.0,105.08
203,Czech Republic,1983,177.0,185.0,104.52
203,Czech Republic,1984,177.0,183.0,103.39
203,Czech Republic,1985,177.0,185.0,104.52
203,Czech Republic,1986,177.0,188.0,106.21
203,Czech Republic,1987,177.0,190.0,107.34
203,Czech Republic,1988,177.0,188.0,106.21
203,Czech Republic,1989,177.0,186.0,105.08
203,Czech Republic,1990,177.0,160.0,90.4
203,Czech Republic,1991,177.0,137.0,77.4
203,Czech Republic,1992,177.0,143.0,80.79
203,Czech Republic,1993,177.0,132.0,74.58
203,Czech Republic,1994,177.0,140.0,79.1
203,Czech Republic,1995,177.0,146.0,82.49
203,Czech Republic,1996,177.0,157.0,88.7
203,Czech Republic,1997,177.0,151.0,85.31
203,Czech Republic,1998,200.0,144.0,72.0
203,Czech Republic,1999,200.0,127.0,63.5
203,Czech Republic,2000,200.0,123.0,61.5
203,Czech Republic,2001,200.0,127.0,63.5
203,Czech Republic,2002,200.0,127.0,63.5
203,Czech Republic,2003,193.0,132.0,68.39
203,Czech Republic,2004,193.0,134.26,69.57
203,Czech Republic,2005,193.39,155.11,80.21
203,Czech Republic,2006,193.39,157.95,81.67
203,Czech Republic,2007,193.39,148.51,76.79
203,Czech Republic,2008,193.39,165.21,85.43
203,Czech Republic,2009,193.39,148.13,76.59
203,Czech Republic,2010,193.39,158.67,82.05
203,Czech Republic,2011,193.39,142.54,73.71
203,Czech Republic,2012,174.72,145.14,83.07
203,Czech Republic,2013,174.72,133.83,76.6
203,Czech Republic,2014,174.72,150.54,86.16
203,Czech Republic,2015,174.72,145.05,83.02
203,Czech Republic,2016,174.72,108.59,62.15
203,Czech Republic,2017,174.72,158.19,90.54
203,Czech Republic,2018,174.72,151.08,86.47
203,Czech Republic,2019,174.72,157.58,90.2
203,Czech Republic,2020,174.72,121.53,69.56
203,Czech Republic,2021,174.72,142.78,81.72
203,Czech Republic,2022,174.72,149.75,85.71
203,Czech Republic,2023,174.72,150.44,86.1
203,Czech Republic,2024,174.72,131.56,75.3
203,Czech Republic,2025,173.5,141.38,81.49
208,Denmark,1965,53.08,,
208,Denmark,1966,113.0,,
208,Denmark,1967,127.0,,
208,Denmark,1968,162.0,,
208,Denmark,1969,179.0,,
208,Denmark,1970,189.0,,
208,Denmark,1971,216.0,,
208,Denmark,1972,222.0,,
208,Denmark,1973,227.0,,
208,Denmark,1974,220.0,,
208,Denmark,1975,226.0,,
208,Denmark,1976,226.0,,
208,Denmark,1977,221.0,,
208,Denmark,1978,220.0,,
208,Denmark,1979,220.0,,
208,Denmark,1980,220.0,129.0,58.64
208,Denmark,1981,220.0,109.0,49.55
208,Denmark,1982,185.0,120.0,64.86
208,Denmark,1983,185.0,140.0,75.68
208,Denmark,1984,174.0,149.0,85.63
208,Denmark,1985,175.0,141.0,80.57
208,Denmark,1986,175.0,159.0,90.86
208,Denmark,1987,175.0,157.0,89.71
208,Denmark,1988,174.0,163.0,93.68
208,Denmark,1989,193.0,168.0,87.05
208,Denmark,1990,193.0,146.2,75.75
208,Denmark,1991,193.0,156.96,81.33
208,Denmark,1992,180.0,167.09,92.83
208,Denmark,1993,185.0,167.81,90.71
208,Denmark,1994,185.0,171.98,92.96
208,Denmark,1995,221.0,195.32,88.38
208,Denmark,1996,234.0,211.09,90.21
208,Denmark,1997,178.0,173.11,97.25
208,Denmark,1998,178.0,155.92,87.59
208,Denmark,1999,184.0,158.41,86.09
208,Denmark,2000,184.0,161.28,87.65
208,Denmark,2001,184.0,159.81,86.86
208,Denmark,2002,189.0,155.05,82.04
208,Denmark,2003,189.0,164.49,87.03
208,Denmark,2004,188.0,161.32,85.81
208,Denmark,2005,188.77,155.13,82.18
208,Denmark,2006,188.77,159.27,84.37
208,Denmark,2007,188.77,156.6,82.96
208,Denmark,2008,188.77,155.85,82.56
208,Denmark,2009,188.77,156.74,83.03
208,Denmark,2010,188.77,145.52,77.09
208,Denmark,2011,180.74,136.78,75.68
208,Denmark,2012,180.74,152.77,84.52
208,Denmark,2013,180.74,144.05,79.7
208,Denmark,2014,180.0,138.77,77.09
208,Denmark,2015,180.0,147.32,81.85
208,Denmark,2016,180.0,140.07,77.82
208,Denmark,2017,180.55,150.81,83.53
208,Denmark,2018,180.55,152.11,84.25
208,Denmark,2019,180.55,153.52,85.03
208,Denmark,2020,180.55,142.29,78.81
208,Denmark,2021,180.55,150.46,83.33
208,Denmark,2022,180.55,144.83,80.22
208,Denmark,2023,180.55,149.59,82.86
208,Denmark,2024,180.55,136.69,75.71
208,Denmark,2025,172.6,150.0,86.91
218,Ecuador,1965,18.05,,
218,Ecuador,1966,11.4,,
218,Ecuador,1967,19.0,,
218,Ecuador,1968,35.15,,
218,Ecuador,1969,31.35,,
218,Ecuador,1970,33.53,,
218,Ecuador,1971,34.2,,
218,Ecuador,1972,34.5,,
218,Ecuador,1973,34.5,,
218,Ecuador,1974,34.5,,
218,Ecuador,1975,39.38,,
218,Ecuador,1976,44.4,,
218,Ecuador,1977,102.1,,
218,Ecuador,1978,102.1,,
218,Ecuador,1979,102.1,,
218,Ecuador,1980,102.1,93.34,91.42
218,Ecuador,1981,102.1,89.41,87.57
218,Ecuador,1982,102.1,93.4,91.48
218,Ecuador,1983,102.1,75.5,73.95
218,Ecuador,1984,102.1,88.97,87.14
218,Ecuador,1985,102.1,86.24,84.46
218,Ecuador,1986,102.1,95.92,93.95
218,Ecuador,1987,146.5,85.89,58.63
218,Ecuador,1988,146.5,116.89,79.79
218,Ecuador,1989,146.5,106.37,72.61
218,Ecuador,1990,146.5,120.7,82.39
218,Ecuador,1991,146.5,124.92,85.27
218,Ecuador,1992,147.0,124.83,84.91
218,Ecuador,1993,147.0,124.25,84.53
218,Ecuador,1994,147.0,132.56,90.18
218,Ecuador,1995,157.0,130.92,83.39
218,Ecuador,1996,157.0,155.25,98.88
218,Ecuador,1997,157.0,131.36,83.67
218,Ecuador,1998,177.0,143.33,80.98
218,Ecuador,1999,177.0,132.46,74.84
218,Ecuador,2000,177.0,160.78,90.84
218,Ecuador,2001,177.0,157.54,89.0
218,Ecuador,2002,177.0,152.86,86.36
218,Ecuador,2003,177.0,142.34,80.42
218,Ecuador,2004,177.0,156.83,88.61
218,Ecuador,2005,177.0,150.71,85.14
218,Ecuador,2006,177.0,151.62,85.66
218,Ecuador,2007,175.0,150.34,85.91
218,Ecuador,2008,175.0,155.48,88.84
218,Ecuador,2009,175.0,155.7,88.97
218,Ecuador,2010,175.0,136.56,78.03
218,Ecuador,2011,175.0,156.05,89.17
218,Ecuador,2012,175.0,152.06,86.89
218,Ecuador,2013,175.0,140.68,80.39
218,Ecuador,2014,175.0,125.24,71.57
218,Ecuador,2015,175.0,120.67,68.95
218,Ecuador,2016,175.0,150.17,85.81
218,Ecuador,2017,175.0,156.04,89.17
218,Ecuador,2018,175.0,159.25,91.0
218,Ecuador,2019,175.0,142.28,81.3
218,Ecuador,2020,175.0,116.48,66.56
218,Ecuador,2021,175.0,163.38,93.36
218,Ecuador,2022,186.0,177.1,95.22
218,Ecuador,2023,196.0,167.9,85.66
218,Ecuador,2024,196.0,143.04,72.98
218,Ecuador,2025,176.0,150.0,85.23
246,Finland,1965,60.0,,
246,Finland,1966,84.0,,
246,Finland,1967,110.0,,
246,Finland,1968,130.0,,
246,Finland,1969,185.0,,
246,Finland,1970,185.0,,
246,Finland,1971,193.0,,
246,Finland,1972,196.0,,
246,Finland,1973,201.0,,
246,Finland,1974,201.0,,
246,Finland,1975,201.0,,
246,Finland,1976,300.0,,
246,Finland,1977,301.0,,
246,Finland,1978,301.0,,
246,Finland,1979,301.0,,
246,Finland,1980,300.0,250.22,83.41
246,Finland,1981,301.0,222.53,73.93
246,Finland,1982,249.0,189.68,76.18
246,Finland,1983,241.0,205.28,85.18
246,Finland,1984,240.0,207.04,86.27
246,Finland,1985,241.0,202.52,84.03
246,Finland,1986,241.0,182.02,75.53
246,Finland,1987,241.0,196.71,81.62
246,Finland,1988,240.0,187.87,78.28
246,Finland,1989,201.0,169.02,84.09
246,Finland,1990,201.0,190.5,94.78
246,Finland,1991,201.0,193.96,96.5
246,Finland,1992,200.0,169.96,84.98
246,Finland,1993,201.0,166.01,82.59
246,Finland,1994,241.0,178.25,73.96
246,Finland,1995,241.0,186.08,77.21
246,Finland,1996,250.0,192.49,77.0
246,Finland,1997,251.0,178.53,71.13
246,Finland,1998,261.0,226.41,86.75
246,Finland,1999,261.0,223.02,85.45
246,Finland,2000,261.0,213.96,81.98
246,Finland,2001,261.0,198.88,76.2
246,Finland,2002,261.0,222.74,85.34
246,Finland,2003,261.0,221.01,84.68
246,Finland,2004,260.0,220.01,84.62
246,Finland,2005,261.07,200.46,76.78
246,Finland,2006,261.07,208.34,79.8
246,Finland,2007,261.07,217.78,83.42
246,Finland,2008,261.07,222.24,85.13
246,Finland,2009,261.07,219.7,84.15
246,Finland,2010,261.07,211.08,80.85
246,Finland,2011,261.07,225.16,86.25
246,Finland,2012,261.07,215.41,82.51
246,Finland,2013,261.07,226.85,86.89
246,Finland,2014,261.07,225.34,86.32
246,Finland,2015,261.07,196.97,75.45
246,Finland,2016,261.07,225.79,86.49
246,Finland,2017,261.07,225.84,86.51
246,Finland,2018,261.07,232.67,89.12
246,Finland,2019,261.07,239.78,91.85
246,Finland,2020,261.07,219.18,83.95
246,Finland,2021,220.0,158.97,72.26
246,Finland,2022,206.0,186.26,90.42
246,Finland,2023,206.0,196.89,95.58
246,Finland,2024,206.0,163.1,79.18
246,Finland,2025,206.0,186.05,90.32
250,France,1965,1411.0,,
250,France,1966,1590.0,,
250,France,1967,1683.0,,
250,France,1968,1949.0,,
250,France,1969,2113.0,,
250,France,1970,2339.0,,
250,France,1971,2431.0,,
250,France,1972,2902.0,,
250,France,1973,3090.0,,
250,France,1974,3402.0,,
250,France,1975,3404.0,,
250,France,1976,3438.0,,
250,France,1977,3439.0,,
250,France,1978,3395.0,,
250,France,1979,3351.0,,
250,France,1980,3326.0,2226.24,66.93
250,France,1981,3179.0,1857.86,58.44
250,France,1982,2831.0,1563.6,55.23
250,France,1983,2378.0,1445.32,60.78
250,France,1984,2194.0,1460.91,66.59
250,France,1985,2184.0,1432.3,65.58
250,France,1986,1919.0,1394.87,72.69
250,France,1987,1927.0,1306.65,67.81
250,France,1988,1815.0,1388.19,76.48
250,France,1989,1699.0,1412.46,83.13
250,France,1990,1699.0,1436.58,84.55
250,France,1991,1699.0,1521.25,89.54
250,France,1992,1711.0,1459.83,85.32
250,France,1993,1687.0,1557.07,92.3
250,France,1994,1697.0,1536.91,90.57
250,France,1995,1728.0,1581.63,91.53
250,France,1996,1749.0,1670.42,95.51
250,France,1997,1872.0,1780.09,95.09
250,France,1998,1918.0,1840.77,95.97
250,France,1999,1933.0,1660.28,85.89
250,France,2000,1984.0,1706.21,86.0
250,France,2001,1961.0,1738.66,88.66
250,France,2002,1987.0,1617.46,81.4
250,France,2003,1967.0,1726.59,87.78
250,France,2004,1982.29,1735.75,87.56
250,France,2005,1978.22,1710.94,86.49
250,France,2006,1959.28,1654.89,84.46
250,France,2007,1961.97,1653.77,84.29
250,France,2008,1970.61,1675.63,85.03
250,France,2009,1847.0,1448.55,78.43
250,France,2010,1702.21,1313.86,77.19
250,France,2011,1610.17,1313.4,81.57
250,France,2012,1512.77,1137.61,75.2
250,France,2013,1374.93,1117.45,81.27
250,France,2014,1374.93,1095.8,79.7
250,France,2015,1374.93,1151.55,83.75
250,France,2016,1245.1,1121.63,90.08
250,France,2017,1245.1,1149.36,92.31
250,France,2018,1245.1,1085.02,87.14
250,France,2019,1245.1,978.0,78.55
250,France,2020,1245.1,664.61,53.38
250,France,2021,1170.0,683.08,58.38
250,France,2022,1145.0,828.76,72.38
250,France,2023,1145.0,911.97,79.65
250,France,2024,1145.0,907.14,79.23
250,France,2025,1133.0,885.9,78.19
276,Germany,1965,1747.0,,
276,Germany,1966,1911.0,,
276,Germany,1967,2324.0,,
276,Germany,1968,2436.0,,
276,Germany,1969,2502.0,,
276,Germany,1970,2643.0,,
276,Germany,1971,2773.0,,
276,Germany,1972,2918.0,,
276,Germany,1973,3192.0,,
276,Germany,1974,3268.0,,
276,Germany,1975,3461.0,,
276,Germany,1976,3452.0,,
276,Germany,1977,3505.0,,
276,Germany,1978,3603.0,,
276,Germany,1979,3492.0,,
276,Germany,1980,3422.0,2423.0,70.81
276,Germany,1981,3333.0,2112.0,63.37
276,Germany,1982,2976.0,1997.0,67.1
276,Germany,1983,2735.0,1816.0,66.4
276,Germany,1984,2553.0,1809.0,70.86
276,Germany,1985,2198.0,1771.0,80.57
276,Germany,1986,2158.0,1791.0,82.99
276,Germany,1987,2061.0,1747.0,84.76
276,Germany,1988,2077.0,1883.0,90.66
276,Germany,1989,2018.0,1805.0,89.44
276,Germany,1990,2024.0,1839.0,90.86
276,Germany,1991,2209.0,1854.0,83.93
276,Germany,1992,2219.0,2019.0,90.99
276,Germany,1993,2248.0,2063.0,91.77
276,Germany,1994,2272.0,2157.0,94.94
276,Germany,1995,2104.0,2070.0,98.38
276,Germany,1996,2098.0,2091.0,99.67
276,Germany,1997,2170.0,2038.0,93.92
276,Germany,1998,2206.0,2176.0,98.64
276,Germany,1999,2240.0,2136.0,95.36
276,Germany,2000,2262.0,2139.0,94.56
276,Germany,2001,2274.0,2138.0,94.02
276,Germany,2002,2286.0,2145.0,93.83
276,Germany,2003,2304.0,2191.0,95.1
276,Germany,2004,2320.1,2237.57,96.44
276,Germany,2005,2322.1,2300.29,99.06
276,Germany,2006,2390.38,2244.77,93.91
276,Germany,2007,2390.38,2192.9,91.74
276,Germany,2008,2366.28,2151.48,90.92
276,Germany,2009,2362.27,2026.31,85.78
276,Germany,2010,2091.16,1915.4,91.6
276,Germany,2011,2077.48,1876.46,90.32
276,Germany,2012,2096.52,1901.05,90.68
276,Germany,2013,2061.14,1856.94,90.09
276,Germany,2014,2076.62,1832.9,88.26
276,Germany,2015,2049.49,1875.5,91.51
276,Germany,2016,2051.5,1886.97,91.98
276,Germany,2017,2068.87,1869.73,90.37
276,Germany,2018,2061.54,1752.49,85.01
276,Germany,2019,2062.44,1762.93,85.48
276,Germany,2020,2061.54,1685.24,81.75
276,Germany,2021,2120.62,1690.02,79.69
276,Germany,2022,2120.68,1801.01,84.93
276,Germany,2023,2103.0,1594.47,75.82
276,Germany,2024,2117.0,1731.64,81.8
276,Germany,2025,1951.0,1641.82,84.15
300,Greece,1965,37.0,,
300,Greece,1966,89.0,,
300,Greece,1967,91.0,,
300,Greece,1968,90.0,,
300,Greece,1969,97.0,,
300,Greece,1970,97.0,,
300,Greece,1971,105.0,,
300,Greece,1972,125.0,,
300,Greece,1973,314.0,,
300,Greece,1974,411.0,,
300,Greece,1975,420.0,,
300,Greece,1976,407.0,,
300,Greece,1977,407.0,,
300,Greece,1978,413.0,,
300,Greece,1979,418.0,,
300,Greece,1980,443.0,285.75,64.5
300,Greece,1981,443.0,319.99,72.23
300,Greece,1982,443.0,303.32,68.47
300,Greece,1983,403.0,282.7,70.15
300,Greece,1984,403.0,254.21,63.08
300,Greece,1985,403.0,243.76,60.49
300,Greece,1986,403.0,299.59,74.34
300,Greece,1987,403.0,303.14,75.22
300,Greece,1988,403.0,282.69,70.15
300,Greece,1989,403.0,281.37,69.82
300,Greece,1990,403.0,289.4,71.81
300,Greece,1991,403.0,257.63,63.93
300,Greece,1992,367.0,268.83,73.25
300,Greece,1993,403.0,224.72,55.76
300,Greece,1994,385.0,281.31,73.07
300,Greece,1995,403.0,298.46,74.06
300,Greece,1996,403.0,359.49,89.2
300,Greece,1997,403.0,365.56,90.71
300,Greece,1998,403.0,371.64,92.22
300,Greece,1999,403.0,322.66,80.06
300,Greece,2000,412.0,388.89,94.39
300,Greece,2001,412.0,383.41,93.06
300,Greece,2002,412.0,370.6,89.95
300,Greece,2003,412.0,384.47,93.32
300,Greece,2004,412.0,373.35,90.62
300,Greece,2005,418.0,373.59,89.38
300,Greece,2006,425.0,378.89,89.15
300,Greece,2007,425.0,384.96,90.58
300,Greece,2008,425.0,359.63,84.62
300,Greece,2009,425.0,345.61,81.32
300,Greece,2010,490.0,393.11,80.23
300,Greece,2011,495.0,331.16,66.9
300,Greece,2012,498.0,410.1,82.35
300,Greece,2013,498.0,399.45,80.21
300,Greece,2014,498.0,415.6,83.45
300,Greece,2015,528.0,435.68,82.52
300,Greece,2016,528.0,464.35,87.95
300,Greece,2017,528.0,482.6,91.4
300,Greece,2018,528.0,488.53,92.53
300,Greece,2019,528.0,462.43,87.58
300,Greece,2020,528.0,445.43,84.36
300,Greece,2021,528.0,476.18,90.18
300,Greece,2022,528.0,441.75,83.66
300,Greece,2023,528.0,469.5,88.92
300,Greece,2024,544.0,477.04,87.69
300,Greece,2025,544.0,470.38,86.47
348,Hungary,1965,90.0,,
348,Hungary,1966,99.0,,
348,Hungary,1967,105.0,,
348,Hungary,1968,115.0,,
348,Hungary,1969,125.0,,
348,Hungary,1970,134.0,,
348,Hungary,1971,137.0,,
348,Hungary,1972,150.0,,
348,Hungary,1973,165.0,,
348,Hungary,1974,177.0,,
348,Hungary,1975,201.0,,
348,Hungary,1976,204.0,,
348,Hungary,1977,221.0,,
348,Hungary,1978,251.0,,
348,Hungary,1979,291.0,,
348,Hungary,1980,290.0,196.0,67.59
348,Hungary,1981,291.0,189.0,64.95
348,Hungary,1982,291.0,174.0,59.79
348,Hungary,1983,285.0,168.0,58.95
348,Hungary,1984,221.0,180.0,81.45
348,Hungary,1985,221.0,180.0,81.45
348,Hungary,1986,221.0,188.0,85.07
348,Hungary,1987,221.0,187.0,84.62
348,Hungary,1988,221.0,173.0,78.28
348,Hungary,1989,221.0,166.0,75.11
348,Hungary,1990,221.0,163.49,73.98
348,Hungary,1991,221.0,153.73,69.56
348,Hungary,1992,221.0,149.36,67.59
348,Hungary,1993,221.0,154.97,70.12
348,Hungary,1994,221.0,141.44,64.0
348,Hungary,1995,221.0,150.74,68.21
348,Hungary,1996,221.0,135.93,61.5
348,Hungary,1997,221.0,141.02,63.81
348,Hungary,1998,221.0,144.01,65.16
348,Hungary,1999,221.0,140.21,63.45
348,Hungary,2000,221.0,136.21,61.63
348,Hungary,2001,221.0,137.4,62.17
348,Hungary,2002,165.0,121.2,73.45
348,Hungary,2003,165.0,128.16,77.68
348,Hungary,2004,165.0,127.59,77.33
348,Hungary,2005,165.0,141.22,85.59
348,Hungary,2006,165.0,138.87,84.16
348,Hungary,2007,165.0,142.32,86.26
348,Hungary,2008,165.0,139.53,84.56
348,Hungary,2009,165.0,127.0,76.97
348,Hungary,2010,165.0,128.31,77.76
348,Hungary,2011,165.0,132.46,80.28
348,Hungary,2012,165.0,121.95,73.91
348,Hungary,2013,165.0,119.63,72.5
348,Hungary,2014,165.0,130.92,79.34
348,Hungary,2015,165.0,129.85,78.7
348,Hungary,2016,165.0,132.8,80.49
348,Hungary,2017,165.0,130.88,79.32
348,Hungary,2018,165.0,141.32,85.65
348,Hungary,2019,165.0,136.7,82.85
348,Hungary,2020,165.0,134.5,81.52
348,Hungary,2021,165.0,134.47,81.5
348,Hungary,2022,165.0,129.09,78.24
348,Hungary,2023,165.0,138.99,84.24
348,Hungary,2024,165.0,135.77,82.28
348,Hungary,2025,165.0,123.0,74.55
356,India,1965,231.0,,
356,India,1966,329.0,,
356,India,1967,320.15,,
356,India,1968,366.7,,
356,India,1969,423.7,,
356,India,1970,411.63,,
356,India,1971,415.15,,
356,India,1972,489.0,,
356,India,1973,499.0,,
356,India,1974,555.0,,
356,India,1975,564.0,,
356,India,1976,568.0,,
356,India,1977,564.0,,
356,India,1978,626.0,,
356,India,1979,557.0,,
356,India,1980,557.0,502.0,90.13
356,India,1981,557.0,593.0,106.46
356,India,1982,753.0,645.0,85.66
356,India,1983,779.0,694.0,89.09
356,India,1984,705.0,706.0,100.14
356,India,1985,867.0,828.0,95.5
356,India,1986,991.0,902.0,91.02
356,India,1987,1059.0,953.0,89.99
356,India,1988,1051.0,959.0,91.25
356,India,1989,1080.0,1044.0,96.67
356,India,1990,1122.0,1038.0,92.51
356,India,1991,1122.0,1023.0,91.18
356,India,1992,1041.0,1089.0,104.61
356,India,1993,1069.0,1074.0,100.47
356,India,1994,1072.0,1133.0,105.69
356,India,1995,1133.0,1165.0,102.82
356,India,1996,1210.0,1236.0,102.15
356,India,1997,1236.0,1296.0,104.85
356,India,1998,1356.0,1339.0,98.75
356,India,1999,2190.0,1597.0,72.92
356,India,2000,2219.0,2039.0,91.89
356,India,2001,2261.0,2144.0,94.83
356,India,2002,2303.04,2212.01,96.05
356,India,2003,2292.87,2379.96,103.8
356,India,2004,2558.41,2558.59,100.01
356,India,2005,2558.41,2561.48,100.12
356,India,2006,2871.7,2860.05,99.59
356,India,2007,2983.31,3106.61,104.13
356,India,2008,2992.06,3213.32,107.4
356,India,2009,3574.44,3640.9,101.86
356,India,2010,3703.31,3898.93,105.28
356,India,2011,3794.58,4084.91,107.65
356,India,2012,4278.83,4301.5,100.53
356,India,2013,4319.03,4462.33,103.32
356,India,2014,4319.03,4474.71,103.6
356,India,2015,4307.2,4561.02,105.89
356,India,2016,4620.26,4930.4,106.71
356,India,2017,4699.24,5009.5,106.6
356,India,2018,4971.63,5154.14,103.67
356,India,2019,4994.09,5119.12,102.5
356,India,2020,5017.74,4493.38,89.55
356,India,2021,5004.73,4792.15,95.75
356,India,2022,5044.93,5081.99,100.73
356,India,2023,5085.36,5249.26,103.22
356,India,2024,5171.61,5322.12,102.91
356,India,2025,4924.05,5468.32,111.05
360,Indonesia,1965,225.15,,
360,Indonesia,1966,228.95,,
360,Indonesia,1967,238.45,,
360,Indonesia,1968,238.45,,
360,Indonesia,1969,243.2,,
360,Indonesia,1970,269.8,,
360,Indonesia,1971,342.95,,
360,Indonesia,1972,342.95,,
360,Indonesia,1973,342.95,,
360,Indonesia,1974,342.95,,
360,Indonesia,1975,342.95,,
360,Indonesia,1976,449.35,,
360,Indonesia,1977,449.35,,
360,Indonesia,1978,427.5,,
360,Indonesia,1979,427.5,,
360,Indonesia,1980,426.55,527.0,123.55
360,Indonesia,1981,424.65,531.0,125.04
360,Indonesia,1982,424.65,500.0,117.74
360,Indonesia,1983,424.65,506.0,119.16
360,Indonesia,1984,814.15,545.0,66.94
360,Indonesia,1985,823.65,586.0,71.15
360,Indonesia,1986,823.65,639.0,77.58
360,Indonesia,1987,823.65,646.0,78.43
360,Indonesia,1988,822.7,674.0,81.93
360,Indonesia,1989,822.7,682.0,82.9
360,Indonesia,1990,822.7,750.0,91.16
360,Indonesia,1991,822.7,780.0,94.81
360,Indonesia,1992,822.7,825.0,100.28
360,Indonesia,1993,822.7,810.0,98.46
360,Indonesia,1994,941.45,851.0,90.39
360,Indonesia,1995,941.45,897.0,95.28
360,Indonesia,1996,941.45,936.0,99.42
360,Indonesia,1997,1007.95,914.0,90.68
360,Indonesia,1998,1041.2,931.0,89.42
360,Indonesia,1999,1070.65,938.0,87.61
360,Indonesia,2000,1070.65,986.9,92.18
360,Indonesia,2001,1070.65,990.1,92.48
360,Indonesia,2002,1004.15,980.7,97.66
360,Indonesia,2003,1004.15,982.2,97.81
360,Indonesia,2004,1004.15,1002.8,99.87
360,Indonesia,2005,1004.15,979.9,97.59
360,Indonesia,2006,1004.15,912.7,90.89
360,Indonesia,2007,1094.4,904.2,82.62
360,Indonesia,2008,1094.4,909.5,83.1
360,Indonesia,2009,1099.24,900.2,81.89
360,Indonesia,2010,1099.24,853.4,77.64
360,Indonesia,2011,1099.24,879.5,80.01
360,Indonesia,2012,1099.24,819.9,74.59
360,Indonesia,2013,1099.24,822.3,74.81
360,Indonesia,2014,1099.24,847.8,77.13
360,Indonesia,2015,1110.64,743.0,66.9
360,Indonesia,2016,1110.64,887.0,79.86
360,Indonesia,2017,1110.64,885.0,79.68
360,Indonesia,2018,1093.55,916.0,83.76
360,Indonesia,2019,1110.64,918.0,82.65
360,Indonesia,2020,1093.55,826.0,75.53
360,Indonesia,2021,1167.0,823.0,70.52
360,Indonesia,2022,1230.0,884.0,71.87
360,Indonesia,2023,1242.0,907.0,73.03
360,Indonesia,2024,1242.0,844.28,67.98
360,Indonesia,2025,1259.0,869.6,69.07
364,Iran,1965,467.0,,
364,Iran,1966,524.0,,
364,Iran,1967,524.0,,
364,Iran,1968,594.0,,
364,Iran,1969,594.0,,
364,Iran,1970,594.0,,
364,Iran,1971,605.0,,
364,Iran,1972,605.0,,
364,Iran,1973,660.0,,
364,Iran,1974,690.0,,
364,Iran,1975,810.0,,
364,Iran,1976,810.0,,
364,Iran,1977,1050.0,,
364,Iran,1978,1101.0,,
364,Iran,1979,1086.0,,
364,Iran,1980,975.0,684.89,70.25
364,Iran,1981,1071.0,488.76,45.64
364,Iran,1982,1005.0,534.09,53.14
364,Iran,1983,1032.0,591.88,57.35
364,Iran,1984,1080.0,644.2,59.65
364,Iran,1985,1085.0,662.91,61.1
364,Iran,1986,1085.0,603.93,55.66
364,Iran,1987,1180.0,602.29,51.04
364,Iran,1988,1190.0,677.29,56.91
364,Iran,1989,1170.0,836.78,71.52
364,Iran,1990,1190.0,870.51,73.15
364,Iran,1991,1175.0,988.78,84.15
364,Iran,1992,1225.0,996.26,81.33
364,Iran,1993,1400.0,1138.89,81.35
364,Iran,1994,1345.0,1263.73,93.96
364,Iran,1995,1405.0,1300.3,92.55
364,Iran,1996,1405.0,1360.42,96.83
364,Iran,1997,1526.0,1468.82,96.25
364,Iran,1998,1597.0,1539.14,96.38
364,Iran,1999,1647.0,1619.48,98.33
364,Iran,2000,1647.0,1604.0,97.39
364,Iran,2001,1647.0,1598.38,97.05
364,Iran,2002,1647.0,1576.38,95.71
364,Iran,2003,1692.0,1576.7,93.19
364,Iran,2004,1692.0,1585.06,93.68
364,Iran,2005,1692.0,1666.0,98.46
364,Iran,2006,1772.0,1719.0,97.01
364,Iran,2007,1862.0,1715.0,92.11
364,Iran,2008,1895.0,1729.0,91.24
364,Iran,2009,1950.0,1684.0,86.36
364,Iran,2010,1950.0,1670.0,85.64
364,Iran,2011,1950.0,1727.0,88.56
364,Iran,2012,2042.0,1776.0,86.97
364,Iran,2013,2075.0,1821.0,87.76
364,Iran,2014,2075.0,1754.0,84.53
364,Iran,2015,2075.0,1672.0,80.58
364,Iran,2016,2075.0,1679.0,80.92
364,Iran,2017,2220.0,1665.0,75.0
364,Iran,2018,2330.0,1611.0,69.14
364,Iran,2019,2495.0,1898.0,76.07
364,Iran,2020,2475.0,1775.0,71.72
364,Iran,2021,2423.0,1945.62,80.3
364,Iran,2022,2430.0,2002.7,82.42
364,Iran,2023,2454.0,2040.71,83.16
364,Iran,2024,2460.0,2052.19,83.42
364,Iran,2025,2460.0,2019.0,82.07
368,Iraq,1965,79.0,,
368,Iraq,1966,82.0,,
368,Iraq,1967,82.0,,
368,Iraq,1968,103.0,,
368,Iraq,1969,103.0,,
368,Iraq,1970,103.0,,
368,Iraq,1971,109.0,,
368,Iraq,1972,115.0,,
368,Iraq,1973,115.0,,
368,Iraq,1974,186.0,,
368,Iraq,1975,186.0,,
368,Iraq,1976,186.0,,
368,Iraq,1977,186.0,,
368,Iraq,1978,210.0,,
368,Iraq,1979,302.0,,
368,Iraq,1980,319.0,184.65,57.88
368,Iraq,1981,261.0,192.67,73.82
368,Iraq,1982,418.0,208.85,49.97
368,Iraq,1983,570.0,315.29,55.31
368,Iraq,1984,660.0,361.19,54.73
368,Iraq,1985,660.0,385.58,58.42
368,Iraq,1986,670.0,381.66,56.96
368,Iraq,1987,670.0,359.05,53.59
368,Iraq,1988,670.0,395.38,59.01
368,Iraq,1989,650.0,418.11,64.32
368,Iraq,1990,670.0,377.69,56.37
368,Iraq,1991,440.0,294.06,66.83
368,Iraq,1992,578.0,363.92,62.96
368,Iraq,1993,628.0,402.73,64.13
368,Iraq,1994,628.0,444.26,70.74
368,Iraq,1995,648.0,440.3,67.95
368,Iraq,1996,658.0,418.61,63.62
368,Iraq,1997,708.0,443.92,62.7
368,Iraq,1998,708.0,477.51,67.45
368,Iraq,1999,718.0,460.56,64.15
368,Iraq,2000,718.0,513.12,71.47
368,Iraq,2001,718.0,482.53,67.21
368,Iraq,2002,718.0,559.81,77.97
368,Iraq,2003,718.0,452.35,63.0
368,Iraq,2004,718.0,448.35,62.44
368,Iraq,2005,728.0,450.52,61.89
368,Iraq,2006,743.0,446.05,60.03
368,Iraq,2007,738.0,342.04,46.35
368,Iraq,2008,738.0,476.01,64.5
368,Iraq,2009,853.0,437.67,51.31
368,Iraq,2010,914.0,514.81,56.32
368,Iraq,2011,935.0,551.88,59.02
368,Iraq,2012,971.0,577.37,59.46
368,Iraq,2013,917.0,591.44,64.5
368,Iraq,2014,791.0,486.45,61.5
368,Iraq,2015,763.0,408.27,53.51
368,Iraq,2016,779.0,439.0,56.35
368,Iraq,2017,779.0,524.0,67.27
368,Iraq,2018,849.0,690.0,81.27
368,Iraq,2019,919.0,737.0,80.2
368,Iraq,2020,919.0,631.0,68.66
368,Iraq,2021,919.0,713.42,77.63
368,Iraq,2022,1150.0,804.12,69.92
368,Iraq,2023,1219.0,888.42,72.88
368,Iraq,2024,1219.0,898.42,73.7
368,Iraq,2025,1389.0,900.42,64.83
372,Ireland,1965,45.6,,
372,Ireland,1966,45.6,,
372,Ireland,1967,49.4,,
372,Ireland,1968,51.3,,
372,Ireland,1969,52.25,,
372,Ireland,1970,52.25,,
372,Ireland,1971,52.25,,
372,Ireland,1972,58.0,,
372,Ireland,1973,58.0,,
372,Ireland,1974,56.0,,
372,Ireland,1975,56.0,,
372,Ireland,1976,56.0,,
372,Ireland,1977,56.0,,
372,Ireland,1978,56.0,,
372,Ireland,1979,56.0,,
372,Ireland,1980,56.0,41.0,73.21
372,Ireland,1981,56.0,15.0,26.79
372,Ireland,1982,56.0,10.0,17.86
372,Ireland,1983,56.0,24.0,42.86
372,Ireland,1984,56.0,23.0,41.07
372,Ireland,1985,56.0,26.0,46.43
372,Ireland,1986,56.0,28.0,50.0
372,Ireland,1987,56.0,31.0,55.36
372,Ireland,1988,56.0,27.0,48.21
372,Ireland,1989,56.0,27.0,48.21
372,Ireland,1990,56.0,39.0,69.64
372,Ireland,1991,56.0,36.0,64.29
372,Ireland,1992,56.0,39.0,69.64
372,Ireland,1993,56.0,38.0,67.86
372,Ireland,1994,56.0,47.0,83.93
372,Ireland,1995,56.0,45.0,80.36
372,Ireland,1996,56.0,42.0,75.0
372,Ireland,1997,58.0,53.0,91.38
372,Ireland,1998,65.0,63.0,96.92
372,Ireland,1999,66.0,56.0,84.85
372,Ireland,2000,75.0,64.0,85.33
372,Ireland,2001,75.0,68.0,90.67
372,Ireland,2002,75.0,64.0,85.33
372,Ireland,2003,75.0,64.54,86.06
372,Ireland,2004,75.0,60.16,80.22
372,Ireland,2005,75.0,66.37,88.5
372,Ireland,2006,75.0,62.9,83.86
372,Ireland,2007,75.0,67.32,89.75
372,Ireland,2008,75.0,61.6,82.14
372,Ireland,2009,75.0,54.86,73.15
372,Ireland,2010,75.0,60.11,80.14
372,Ireland,2011,75.0,59.24,78.99
372,Ireland,2012,75.0,61.44,81.93
372,Ireland,2013,75.0,57.01,76.02
372,Ireland,2014,75.0,55.27,73.69
372,Ireland,2015,75.0,67.62,90.16
372,Ireland,2016,75.0,64.11,85.48
372,Ireland,2017,75.0,64.18,85.58
372,Ireland,2018,75.0,60.89,81.19
372,Ireland,2019,75.0,50.81,67.74
372,Ireland,2020,75.0,56.8,75.73
372,Ireland,2021,75.0,60.75,81.0
372,Ireland,2022,75.0,60.35,80.46
372,Ireland,2023,75.0,55.79,74.38
372,Ireland,2024,75.0,39.93,53.25
372,Ireland,2025,75.0,39.48,52.64
376,Israel,1965,87.0,,
376,Israel,1966,95.0,,
376,Israel,1967,109.0,,
376,Israel,1968,109.0,,
376,Israel,1969,102.0,,
376,Israel,1970,125.0,,
376,Israel,1971,133.0,,
376,Israel,1972,147.0,,
376,Israel,1973,212.0,,
376,Israel,1974,201.0,,
376,Israel,1975,181.0,,
376,Israel,1976,201.0,,
376,Israel,1977,201.0,,
376,Israel,1978,194.0,,
376,Israel,1979,194.0,,
376,Israel,1980,194.0,131.12,67.59
376,Israel,1981,194.0,138.63,71.46
376,Israel,1982,194.0,164.15,84.61
376,Israel,1983,200.0,153.57,76.78
376,Israel,1984,210.0,144.18,68.66
376,Israel,1985,270.0,138.67,51.36
376,Israel,1986,270.0,130.03,48.16
376,Israel,1987,270.0,142.22,52.67
376,Israel,1988,270.0,130.0,48.15
376,Israel,1989,270.0,143.83,53.27
376,Israel,1990,270.0,164.27,60.84
376,Israel,1991,270.0,166.5,61.67
376,Israel,1992,270.0,201.68,74.69
376,Israel,1993,270.0,239.18,88.58
376,Israel,1994,270.0,245.73,91.01
376,Israel,1995,270.0,229.24,84.9
376,Israel,1996,270.0,212.77,78.8
376,Israel,1997,270.0,222.63,82.46
376,Israel,1998,270.0,234.5,86.85
376,Israel,1999,270.0,210.52,77.97
376,Israel,2000,270.0,209.33,77.53
376,Israel,2001,270.0,206.46,76.47
376,Israel,2002,270.0,191.33,70.86
376,Israel,2003,270.0,203.04,75.2
376,Israel,2004,270.0,208.39,77.18
376,Israel,2005,270.0,199.33,73.83
376,Israel,2006,270.0,202.1,74.85
376,Israel,2007,272.0,189.47,69.66
376,Israel,2008,275.0,215.53,78.38
376,Israel,2009,275.0,220.56,80.2
376,Israel,2010,280.0,217.15,77.55
376,Israel,2011,292.0,218.35,74.78
376,Israel,2012,292.0,219.63,75.22
376,Israel,2013,294.0,221.02,75.18
376,Israel,2014,301.0,226.3,75.18
376,Israel,2015,301.0,231.82,77.02
376,Israel,2016,301.0,213.08,70.79
376,Israel,2017,301.0,223.45,74.24
376,Israel,2018,301.0,237.72,78.98
376,Israel,2019,301.0,251.59,83.58
376,Israel,2020,301.0,227.35,75.53
376,Israel,2021,301.0,238.09,79.1
376,Israel,2022,301.0,253.04,84.06
376,Israel,2023,301.0,228.46,75.9
376,Israel,2024,301.0,227.83,75.69
376,Israel,2025,301.0,230.0,76.41
380,Italy,1965,1560.0,,
380,Italy,1966,2198.0,,
380,Italy,1967,2564.0,,
380,Italy,1968,2625.0,,
380,Italy,1969,2738.0,,
380,Italy,1970,2939.0,,
380,Italy,1971,3539.0,,
380,Italy,1972,3628.0,,
380,Italy,1973,3792.0,,
380,Italy,1974,3889.0,,
380,Italy,1975,4343.0,,
380,Italy,1976,4343.0,,
380,Italy,1977,4270.0,,
380,Italy,1978,3803.0,,
380,Italy,1979,3201.0,,
380,Italy,1980,3101.0,1836.51,59.22
380,Italy,1981,3036.0,1760.51,57.99
380,Italy,1982,2795.0,1616.38,57.83
380,Italy,1983,2777.0,1468.05,52.86
380,Italy,1984,2738.0,1378.16,50.33
380,Italy,1985,2585.0,1318.98,51.02
380,Italy,1986,2586.0,1502.81,58.11
380,Italy,1987,2591.0,1407.26,54.31
380,Italy,1988,2475.0,1403.82,56.72
380,Italy,1989,2474.0,1454.27,58.78
380,Italy,1990,2528.0,1555.55,61.53
380,Italy,1991,2535.0,1556.41,61.4
380,Italy,1992,2455.0,1617.37,65.88
380,Italy,1993,2359.0,1631.4,69.16
380,Italy,1994,2359.0,1591.41,67.46
380,Italy,1995,2359.0,1575.95,66.81
380,Italy,1996,2344.0,1603.39,68.4
380,Italy,1997,2345.0,1687.89,71.98
380,Italy,1998,2385.0,1818.12,76.23
380,Italy,1999,2485.0,1735.52,69.84
380,Italy,2000,2485.0,1752.31,70.52
380,Italy,2001,2485.0,1752.59,70.53
380,Italy,2002,2485.0,1736.61,69.88
380,Italy,2003,2485.0,1794.83,72.23
380,Italy,2004,2497.0,1836.93,73.57
380,Italy,2005,2515.0,1889.83,75.14
380,Italy,2006,2526.0,1847.34,73.13
380,Italy,2007,2377.0,1863.02,78.38
380,Italy,2008,2396.0,1741.26,72.67
380,Italy,2009,2396.0,1613.56,67.34
380,Italy,2010,2396.0,1672.53,69.8
380,Italy,2011,2276.0,1569.58,68.96
380,Italy,2012,2098.0,1474.79,70.3
380,Italy,2013,1861.0,1258.85,67.64
380,Italy,2014,1900.0,1197.8,63.04
380,Italy,2015,1900.0,1347.35,70.91
380,Italy,2016,1900.0,1293.48,68.08
380,Italy,2017,1900.0,1398.85,73.62
380,Italy,2018,1900.0,1346.33,70.86
380,Italy,2019,1900.0,1354.87,71.31
380,Italy,2020,1900.0,1105.16,58.17
380,Italy,2021,1900.0,1223.5,64.39
380,Italy,2022,1794.0,1317.01,73.41
380,Italy,2023,1794.0,1303.87,72.68
380,Italy,2024,1757.19,1236.61,70.37
380,Italy,2025,1672.85,1248.63,74.64
392,Japan,1965,1917.0,,
392,Japan,1966,2102.0,,
392,Japan,1967,2214.0,,
392,Japan,1968,2613.0,,
392,Japan,1969,3029.0,,
392,Japan,1970,3504.0,,
392,Japan,1971,3904.0,,
392,Japan,1972,4635.0,,
392,Japan,1973,5140.0,,
392,Japan,1974,5377.0,,
392,Japan,1975,5567.0,,
392,Japan,1976,5643.0,,
392,Japan,1977,5643.0,,
392,Japan,1978,5643.0,,
392,Japan,1979,5643.0,,
392,Japan,1980,5643.0,4015.0,71.15
392,Japan,1981,5643.0,3630.0,64.33
392,Japan,1982,5643.0,3360.0,59.54
392,Japan,1983,4724.0,3254.0,68.88
392,Japan,1984,4724.0,3355.0,71.02
392,Japan,1985,4724.0,3120.0,66.05
392,Japan,1986,4619.0,2991.0,64.75
392,Japan,1987,4461.0,2910.0,65.23
392,Japan,1988,4324.0,2990.0,69.15
392,Japan,1989,4324.0,3175.0,73.43
392,Japan,1990,4324.0,3437.0,79.49
392,Japan,1991,4505.0,3653.0,81.09
392,Japan,1992,4636.0,3882.0,83.74
392,Japan,1993,4802.0,3982.0,82.92
392,Japan,1994,4862.0,4167.0,85.71
392,Japan,1995,5006.0,4169.0,83.28
392,Japan,1996,5006.0,4168.0,83.26
392,Japan,1997,5056.0,4319.0,85.42
392,Japan,1998,5144.0,4212.0,81.88
392,Japan,1999,5087.0,4149.0,81.56
392,Japan,2000,5010.0,4145.0,82.73
392,Japan,2001,4704.98,4107.0,87.29
392,Japan,2002,4727.78,3985.93,84.31
392,Japan,2003,4645.13,4118.09,88.65
392,Japan,2004,4531.13,4037.47,89.11
392,Japan,2005,4531.13,4135.58,91.27
392,Japan,2006,4588.43,4025.56,87.73
392,Japan,2007,4650.18,3995.06,85.91
392,Japan,2008,4650.18,3946.36,84.86
392,Japan,2009,4629.75,3625.86,78.32
392,Japan,2010,4290.6,3618.69,84.34
392,Japan,2011,4274.26,3409.83,79.78
392,Japan,2012,4253.57,3400.13,79.94
392,Japan,2013,4122.72,3452.51,83.74
392,Japan,2014,3749.36,3288.91,87.72
392,Japan,2015,3720.86,3257.63,87.55
392,Japan,2016,3600.22,3280.07,91.11
392,Japan,2017,3342.86,3214.42,96.16
392,Japan,2018,3342.86,3058.79,91.5
392,Japan,2019,3342.86,3046.47,91.13
392,Japan,2020,3284.91,2492.15,75.87
392,Japan,2021,3284.91,2488.4,75.75
392,Japan,2022,3164.16,2694.3,85.15
392,Japan,2023,3068.88,2544.59,82.92
392,Japan,2024,2954.88,2352.56,79.62
392,Japan,2025,3110.4,2366.6,76.09
398,Kazakhstan,1980,220.0,,
398,Kazakhstan,1981,220.0,,
398,Kazakhstan,1982,220.0,,
398,Kazakhstan,1983,220.0,,
398,Kazakhstan,1984,220.0,,
398,Kazakhstan,1985,360.0,,
398,Kazakhstan,1986,360.0,,
398,Kazakhstan,1987,360.0,,
398,Kazakhstan,1988,360.0,,
398,Kazakhstan,1989,360.0,,
398,Kazakhstan,1990,360.0,393.19,109.22
398,Kazakhstan,1991,330.0,361.52,109.55
398,Kazakhstan,1992,330.0,337.77,102.35
398,Kazakhstan,1993,330.0,296.77,89.93
398,Kazakhstan,1994,330.0,236.46,71.66
398,Kazakhstan,1995,330.0,217.98,66.05
398,Kazakhstan,1996,330.0,222.84,67.53
398,Kazakhstan,1997,330.0,184.59,55.94
398,Kazakhstan,1998,330.0,160.18,48.54
398,Kazakhstan,1999,330.0,110.21,33.4
398,Kazakhstan,2000,330.0,117.77,35.69
398,Kazakhstan,2001,330.0,141.36,42.84
398,Kazakhstan,2002,330.0,149.82,45.4
398,Kazakhstan,2003,330.0,173.68,52.63
398,Kazakhstan,2004,330.0,177.69,53.85
398,Kazakhstan,2005,330.0,217.76,65.99
398,Kazakhstan,2006,330.0,224.96,68.17
398,Kazakhstan,2007,330.0,228.62,69.28
398,Kazakhstan,2008,330.0,236.13,71.56
398,Kazakhstan,2009,330.0,235.3,71.3
398,Kazakhstan,2010,330.0,256.92,77.86
398,Kazakhstan,2011,330.0,326.42,98.91
398,Kazakhstan,2012,330.0,330.94,100.29
398,Kazakhstan,2013,350.0,341.21,97.49
398,Kazakhstan,2014,350.0,360.83,103.09
398,Kazakhstan,2015,350.0,342.44,97.84
398,Kazakhstan,2016,350.0,338.84,96.81
398,Kazakhstan,2017,360.0,354.6,98.5
398,Kazakhstan,2018,390.0,373.62,95.8
398,Kazakhstan,2019,400.0,392.36,98.09
398,Kazakhstan,2020,400.0,367.05,91.76
398,Kazakhstan,2021,400.0,390.72,97.68
398,Kazakhstan,2022,406.0,457.17,112.6
398,Kazakhstan,2023,416.0,418.93,100.71
398,Kazakhstan,2024,420.0,406.07,96.68
398,Kazakhstan,2025,420.0,377.89,89.97
410,South Korea,1965,33.0,,
410,South Korea,1966,38.0,,
410,South Korea,1967,57.0,,
410,South Korea,1968,114.0,,
410,South Korea,1969,171.0,,
410,South Korea,1970,209.0,,
410,South Korea,1971,257.0,,
410,South Korea,1972,380.0,,
410,South Korea,1973,380.0,,
410,South Korea,1974,418.0,,
410,South Korea,1975,418.0,,
410,South Korea,1976,418.0,,
410,South Korea,1977,380.0,,
410,South Korea,1978,551.0,,
410,South Korea,1979,551.0,,
410,South Korea,1980,608.0,492.0,80.92
410,South Korea,1981,750.5,489.0,65.16
410,South Korea,1982,750.5,474.0,63.16
410,South Korea,1983,750.5,522.0,69.55
410,South Korea,1984,750.5,552.0,73.55
410,South Korea,1985,750.5,551.0,73.42
410,South Korea,1986,750.5,575.0,76.62
410,South Korea,1987,750.5,578.0,77.02
410,South Korea,1988,750.5,701.0,93.4
410,South Korea,1989,798.0,813.0,101.88
410,South Korea,1990,798.0,842.0,105.51
410,South Korea,1991,983.25,1131.0,115.03
410,South Korea,1992,1591.25,1395.0,87.67
410,South Korea,1993,1591.25,1490.0,93.64
410,South Korea,1994,1615.0,1537.0,95.17
410,South Korea,1995,1727.1,1729.0,100.11
410,South Korea,1996,2316.1,1970.0,85.06
410,South Korea,1997,2316.1,2389.0,103.15
410,South Korea,1998,2316.1,2263.0,97.71
410,South Korea,1999,2316.1,2391.0,103.23
410,South Korea,2000,2316.1,2433.0,105.05
410,South Korea,2001,2316.1,2355.0,101.68
410,South Korea,2002,2316.1,2156.0,93.09
410,South Korea,2003,2316.1,2145.0,92.61
410,South Korea,2004,2598.25,2258.34,86.92
410,South Korea,2005,2598.25,2335.45,89.89
410,South Korea,2006,2633.4,2406.57,91.39
410,South Korea,2007,2679.0,2416.76,90.21
410,South Korea,2008,2712.25,2365.2,87.2
410,South Korea,2009,2745.5,2297.19,83.67
410,South Korea,2010,2774.0,2389.72,86.15
410,South Korea,2011,2864.25,2532.72,88.43
410,South Korea,2012,2877.55,2582.41,89.74
410,South Korea,2013,2877.55,2484.04,86.32
410,South Korea,2014,3122.65,2516.01,80.57
410,South Korea,2015,3128.35,2783.99,88.99
410,South Korea,2016,3258.5,2928.23,89.86
410,South Korea,2017,3298.4,3061.3,92.81
410,South Korea,2018,3345.9,3030.87,90.58
410,South Korea,2019,3393.4,2921.74,86.1
410,South Korea,2020,3334.0,2678.63,80.34
410,South Korea,2021,3363.0,2633.93,78.32
410,South Korea,2022,3363.0,2811.24,83.59
410,South Korea,2023,3363.0,2757.88,82.01
410,South Korea,2024,3363.0,2807.37,83.48
410,South Korea,2025,3569.6,2811.62,78.77
414,Kuwait,1965,342.0,,
414,Kuwait,1966,360.0,,
414,Kuwait,1967,360.0,,
414,Kuwait,1968,440.0,,
414,Kuwait,1969,469.0,,
414,Kuwait,1970,469.0,,
414,Kuwait,1971,541.0,,
414,Kuwait,1972,523.0,,
414,Kuwait,1973,523.0,,
414,Kuwait,1974,523.0,,
414,Kuwait,1975,563.0,,
414,Kuwait,1976,577.0,,
414,Kuwait,1977,577.0,,
414,Kuwait,1978,579.0,,
414,Kuwait,1979,579.0,,
414,Kuwait,1980,579.0,342.61,59.17
414,Kuwait,1981,554.0,286.75,51.76
414,Kuwait,1982,534.0,438.8,82.17
414,Kuwait,1983,534.0,490.47,91.85
414,Kuwait,1984,704.0,504.71,71.69
414,Kuwait,1985,584.0,593.67,101.66
414,Kuwait,1986,684.0,599.03,87.58
414,Kuwait,1987,844.0,671.59,79.57
414,Kuwait,1988,844.0,781.63,92.61
414,Kuwait,1989,844.0,801.72,94.99
414,Kuwait,1990,570.0,575.09,100.89
414,Kuwait,1991,574.0,56.47,9.84
414,Kuwait,1992,790.0,323.8,40.99
414,Kuwait,1993,584.0,445.7,76.32
414,Kuwait,1994,764.0,758.89,99.33
414,Kuwait,1995,824.0,828.81,100.58
414,Kuwait,1996,854.0,795.12,93.11
414,Kuwait,1997,906.0,888.66,98.09
414,Kuwait,1998,926.0,868.96,93.84
414,Kuwait,1999,926.0,917.37,99.07
414,Kuwait,2000,745.0,747.92,100.39
414,Kuwait,2001,886.0,664.66,75.02
414,Kuwait,2002,936.0,723.07,77.25
414,Kuwait,2003,914.0,841.6,92.08
414,Kuwait,2004,936.0,837.29,89.45
414,Kuwait,2005,936.0,862.65,92.16
414,Kuwait,2006,936.0,897.78,95.92
414,Kuwait,2007,936.0,923.01,98.61
414,Kuwait,2008,936.0,905.71,96.76
414,Kuwait,2009,936.0,869.14,92.86
414,Kuwait,2010,936.0,892.5,95.35
414,Kuwait,2011,936.0,851.7,90.99
414,Kuwait,2012,936.0,915.51,97.81
414,Kuwait,2013,936.0,873.08,93.28
414,Kuwait,2014,936.0,879.39,93.95
414,Kuwait,2015,936.0,904.77,96.66
414,Kuwait,2016,936.0,840.6,89.81
414,Kuwait,2017,736.0,685.84,93.18
414,Kuwait,2018,736.0,679.22,92.28
414,Kuwait,2019,736.0,662.85,90.06
414,Kuwait,2020,800.0,582.87,72.86
414,Kuwait,2021,800.0,653.4,81.67
414,Kuwait,2022,835.0,807.47,96.7
414,Kuwait,2023,1309.0,1047.0,79.98
414,Kuwait,2024,1430.0,1248.3,87.29
414,Kuwait,2025,1430.0,1150.0,80.42
440,Lithuania,1985,240.0,,
440,Lithuania,1986,240.0,,
440,Lithuania,1987,240.0,,
440,Lithuania,1988,240.0,,
440,Lithuania,1989,240.0,,
440,Lithuania,1990,240.0,191.52,79.8
440,Lithuania,1991,240.0,234.32,97.63
440,Lithuania,1992,240.0,80.65,33.6
440,Lithuania,1993,240.0,101.56,42.31
440,Lithuania,1994,240.0,72.54,30.22
440,Lithuania,1995,240.0,63.0,26.25
440,Lithuania,1996,240.0,73.86,30.78
440,Lithuania,1997,240.0,100.55,41.9
440,Lithuania,1998,240.0,127.78,53.24
440,Lithuania,1999,240.0,87.58,36.49
440,Lithuania,2000,240.0,93.33,38.89
440,Lithuania,2001,240.0,131.44,54.77
440,Lithuania,2002,240.0,129.91,54.13
440,Lithuania,2003,240.0,142.62,59.43
440,Lithuania,2004,240.99,173.48,71.99
440,Lithuania,2005,240.99,184.68,76.63
440,Lithuania,2006,240.99,161.2,66.89
440,Lithuania,2007,240.99,95.23,39.52
440,Lithuania,2008,240.99,185.07,76.8
440,Lithuania,2009,240.99,168.83,70.06
440,Lithuania,2010,240.99,180.44,74.88
440,Lithuania,2011,240.99,180.88,75.06
440,Lithuania,2012,240.99,170.89,70.91
440,Lithuania,2013,240.99,180.94,75.08
440,Lithuania,2014,240.99,150.56,62.47
440,Lithuania,2015,240.99,170.42,70.72
440,Lithuania,2016,240.99,186.73,77.49
440,Lithuania,2017,240.99,197.2,81.83
440,Lithuania,2018,240.99,194.58,80.74
440,Lithuania,2019,240.99,191.09,79.3
440,Lithuania,2020,240.99,157.16,65.22
440,Lithuania,2021,240.0,159.73,66.56
440,Lithuania,2022,222.0,165.5,74.55
440,Lithuania,2023,204.0,182.65,89.54
440,Lithuania,2024,204.0,177.19,86.86
440,Lithuania,2025,204.0,160.0,78.43
458,Malaysia,1965,118.0,,
458,Malaysia,1966,123.0,,
458,Malaysia,1967,124.0,,
458,Malaysia,1968,120.0,,
458,Malaysia,1969,124.0,,
458,Malaysia,1970,125.0,,
458,Malaysia,1971,125.0,,
458,Malaysia,1972,123.0,,
458,Malaysia,1973,123.0,,
458,Malaysia,1974,182.0,,
458,Malaysia,1975,143.0,,
458,Malaysia,1976,168.0,,
458,Malaysia,1977,140.0,,
458,Malaysia,1978,143.0,,
458,Malaysia,1979,158.0,,
458,Malaysia,1980,172.0,123.11,71.57
458,Malaysia,1981,175.0,121.0,69.14
458,Malaysia,1982,175.0,113.7,64.97
458,Malaysia,1983,205.0,141.2,68.88
458,Malaysia,1984,205.0,161.08,78.57
458,Malaysia,1985,209.0,158.55,75.86
458,Malaysia,1986,213.0,147.59,69.29
458,Malaysia,1987,213.0,152.06,71.39
458,Malaysia,1988,213.0,159.17,74.73
458,Malaysia,1989,220.0,164.38,74.72
458,Malaysia,1990,230.0,183.61,79.83
458,Malaysia,1991,235.0,197.41,84.0
458,Malaysia,1992,235.0,212.13,90.27
458,Malaysia,1993,240.0,211.87,88.28
458,Malaysia,1994,350.0,284.41,81.26
458,Malaysia,1995,365.0,337.81,92.55
458,Malaysia,1996,376.0,379.95,101.05
458,Malaysia,1997,376.0,374.54,99.61
458,Malaysia,1998,476.0,358.15,75.24
458,Malaysia,1999,491.0,368.83,75.12
458,Malaysia,2000,572.0,451.84,78.99
458,Malaysia,2001,559.0,493.15,88.22
458,Malaysia,2002,524.0,473.44,90.35
458,Malaysia,2003,527.0,529.82,100.53
458,Malaysia,2004,527.0,528.18,100.22
458,Malaysia,2005,522.0,508.81,97.47
458,Malaysia,2006,528.0,522.08,98.88
458,Malaysia,2007,534.0,557.02,104.31
458,Malaysia,2008,568.0,559.31,98.47
458,Malaysia,2009,572.0,553.92,96.84
458,Malaysia,2010,582.0,461.95,79.37
458,Malaysia,2011,601.0,506.63,84.3
458,Malaysia,2012,606.0,566.2,93.43
458,Malaysia,2013,612.0,535.27,87.46
458,Malaysia,2014,612.0,530.51,86.68
458,Malaysia,2015,612.0,493.52,80.64
458,Malaysia,2016,618.0,548.06,88.68
458,Malaysia,2017,625.0,542.88,86.86
458,Malaysia,2018,625.0,513.16,82.11
458,Malaysia,2019,751.0,560.05,74.57
458,Malaysia,2020,699.0,530.6,75.91
458,Malaysia,2021,633.0,507.8,80.22
458,Malaysia,2022,874.0,633.5,72.48
458,Malaysia,2023,991.0,660.5,66.65
458,Malaysia,2024,991.0,639.04,64.48
458,Malaysia,2025,991.0,627.04,63.27
484,Mexico,1965,417.0,,
484,Mexico,1966,417.0,,
484,Mexico,1967,457.0,,
484,Mexico,1968,525.0,,
484,Mexico,1969,525.0,,
484,Mexico,1970,562.0,,
484,Mexico,1971,562.0,,
484,Mexico,1972,594.0,,
484,Mexico,1973,722.0,,
484,Mexico,1974,722.0,,
484,Mexico,1975,746.0,,
484,Mexico,1976,822.0,,
484,Mexico,1977,822.0,,
484,Mexico,1978,991.0,,
484,Mexico,1979,1091.0,,
484,Mexico,1980,1226.0,1017.19,82.97
484,Mexico,1981,1221.0,1136.45,93.08
484,Mexico,1982,1215.0,1124.3,92.54
484,Mexico,1983,1218.0,1086.69,89.22
484,Mexico,1984,1269.0,1181.51,93.11
484,Mexico,1985,1263.0,1206.12,95.5
484,Mexico,1986,1280.0,1175.19,91.81
484,Mexico,1987,1462.0,1215.78,83.16
484,Mexico,1988,1462.0,1201.84,82.21
484,Mexico,1989,1627.0,1246.84,76.63
484,Mexico,1990,1627.0,1321.31,81.21
484,Mexico,1991,1447.8,1290.4,89.13
484,Mexico,1992,1447.8,1319.77,91.16
484,Mexico,1993,1444.0,1357.01,93.98
484,Mexico,1994,1444.0,1281.88,88.77
484,Mexico,1995,1444.0,1282.8,88.84
484,Mexico,1996,1444.0,1242.51,86.05
484,Mexico,1997,1448.75,1282.99,88.56
484,Mexico,1998,1448.75,1228.02,84.76
484,Mexico,1999,1448.75,1227.38,84.72
484,Mexico,2000,1481.05,1251.89,84.53
484,Mexico,2001,1481.05,1245.4,84.09
484,Mexico,2002,1463.0,1285.86,87.89
484,Mexico,2003,1463.0,1303.37,89.09
484,Mexico,2004,1463.0,1284.4,87.79
484,Mexico,2005,1463.0,1284.2,87.78
484,Mexico,2006,1463.0,1269.79,86.79
484,Mexico,2007,1463.0,1261.05,86.2
484,Mexico,2008,1463.0,1294.93,88.51
484,Mexico,2009,1463.0,1184.12,80.94
484,Mexico,2010,1463.0,1184.12,80.94
484,Mexico,2011,1605.5,1166.43,72.65
484,Mexico,2012,1605.5,1199.26,74.7
484,Mexico,2013,1605.5,1223.49,76.21
484,Mexico,2014,1521.9,1154.93,75.89
484,Mexico,2015,1521.9,1064.42,69.94
484,Mexico,2016,1521.9,933.06,61.31
484,Mexico,2017,1545.65,766.98,49.62
484,Mexico,2018,1558.0,611.86,39.27
484,Mexico,2019,1558.0,592.01,38.0
484,Mexico,2020,1558.0,590.63,37.91
484,Mexico,2021,1558.0,711.61,45.67
484,Mexico,2022,1558.0,815.79,52.36
484,Mexico,2023,1558.0,791.99,50.83
484,Mexico,2024,1677.0,905.61,54.0
484,Mexico,2025,1847.0,1017.3,55.08
504,Morocco,1965,34.14,,
504,Morocco,1966,34.14,,
504,Morocco,1967,34.14,,
504,Morocco,1968,34.14,,
504,Morocco,1969,34.14,,
504,Morocco,1970,34.14,,
504,Morocco,1971,34.14,,
504,Morocco,1972,40.16,,
504,Morocco,1973,48.2,,
504,Morocco,1974,78.32,,
504,Morocco,1975,78.32,,
504,Morocco,1976,78.32,,
504,Morocco,1977,78.32,,
504,Morocco,1978,74.0,,
504,Morocco,1979,154.0,,
504,Morocco,1980,154.0,84.42,54.82
504,Morocco,1981,154.0,83.68,54.34
504,Morocco,1982,154.0,86.67,56.28
504,Morocco,1983,154.0,90.73,58.92
504,Morocco,1984,154.0,94.69,61.49
504,Morocco,1985,154.0,95.73,62.16
504,Morocco,1986,154.0,90.37,58.68
504,Morocco,1987,154.0,91.31,59.29
504,Morocco,1988,154.0,102.22,66.38
504,Morocco,1989,154.0,111.34,72.3
504,Morocco,1990,154.0,114.87,74.59
504,Morocco,1991,154.0,108.97,70.76
504,Morocco,1992,154.0,124.77,81.02
504,Morocco,1993,154.0,125.69,81.62
504,Morocco,1994,154.0,132.08,85.77
504,Morocco,1995,154.0,124.73,80.99
504,Morocco,1996,154.0,112.91,73.32
504,Morocco,1997,154.0,118.91,77.21
504,Morocco,1998,154.0,122.74,79.7
504,Morocco,1999,154.0,145.76,94.65
504,Morocco,2000,154.0,137.51,89.29
504,Morocco,2001,154.0,140.82,91.44
504,Morocco,2002,154.0,127.32,82.68
504,Morocco,2003,154.0,88.76,57.64
504,Morocco,2004,154.0,124.39,80.77
504,Morocco,2005,154.0,141.06,91.6
504,Morocco,2006,154.0,125.92,81.76
504,Morocco,2007,155.64,128.24,82.4
504,Morocco,2008,130.53,114.24,87.51
504,Morocco,2009,130.53,93.24,71.43
504,Morocco,2010,130.53,109.99,84.26
504,Morocco,2011,130.53,102.82,78.77
504,Morocco,2012,200.82,110.91,55.23
504,Morocco,2013,200.82,111.42,55.48
504,Morocco,2014,200.82,104.61,52.09
504,Morocco,2015,200.82,52.68,26.23
504,Morocco,2016,200.82,0.0,0.0
504,Morocco,2017,200.82,0.0,0.0
504,Morocco,2018,200.82,0.0,0.0
504,Morocco,2019,0.0,0.0,
504,Morocco,2020,0.0,0.0,
504,Morocco,2021,0.0,0.0,
504,Morocco,2022,0.0,0.0,
504,Morocco,2023,0.0,0.0,
504,Morocco,2024,0.0,0.0,
504,Morocco,2025,0.0,0.0,
512,Oman,1970,0.0,,
512,Oman,1971,0.0,,
512,Oman,1972,0.0,,
512,Oman,1973,0.0,,
512,Oman,1974,0.0,,
512,Oman,1975,0.0,,
512,Oman,1976,0.0,,
512,Oman,1977,0.0,,
512,Oman,1978,0.0,,
512,Oman,1979,0.0,,
512,Oman,1980,0.0,0.0,
512,Oman,1981,0.0,0.0,
512,Oman,1982,50.0,11.19,22.37
512,Oman,1983,50.0,36.35,72.7
512,Oman,1984,50.0,47.42,94.85
512,Oman,1985,50.0,51.67,103.34
512,Oman,1986,70.0,47.11,67.3
512,Oman,1987,80.0,43.24,54.05
512,Oman,1988,80.0,41.84,52.3
512,Oman,1989,80.0,49.82,62.28
512,Oman,1990,80.0,65.25,81.56
512,Oman,1991,80.0,68.8,86.0
512,Oman,1992,80.0,60.2,75.25
512,Oman,1993,80.0,49.46,61.83
512,Oman,1994,80.0,74.69,93.36
512,Oman,1995,80.0,72.72,90.9
512,Oman,1996,80.0,72.9,91.12
512,Oman,1997,80.0,65.09,81.36
512,Oman,1998,80.0,78.4,98.0
512,Oman,1999,80.0,78.52,98.15
512,Oman,2000,80.0,78.27,97.83
512,Oman,2001,82.0,65.85,80.3
512,Oman,2002,85.0,83.92,98.73
512,Oman,2003,85.0,83.76,98.54
512,Oman,2004,85.0,79.09,93.04
512,Oman,2005,85.0,87.3,102.7
512,Oman,2006,201.0,85.77,42.67
512,Oman,2007,216.0,68.85,31.87
512,Oman,2008,222.0,213.77,96.29
512,Oman,2009,222.0,203.22,91.54
512,Oman,2010,222.0,167.03,75.24
512,Oman,2011,222.0,200.64,90.38
512,Oman,2012,222.0,192.95,86.91
512,Oman,2013,222.0,187.21,84.33
512,Oman,2014,222.0,180.11,81.13
512,Oman,2015,222.0,189.54,85.38
512,Oman,2016,222.0,177.8,80.09
512,Oman,2017,222.0,231.89,104.45
512,Oman,2018,222.0,303.69,136.8
512,Oman,2019,282.0,256.57,90.98
512,Oman,2020,304.0,220.92,72.67
512,Oman,2021,304.0,253.2,83.29
512,Oman,2022,304.0,277.3,91.22
512,Oman,2023,396.0,384.0,96.97
512,Oman,2024,564.0,476.0,84.4
512,Oman,2025,564.0,496.0,87.94
528,Netherlands,1965,614.0,,
528,Netherlands,1966,659.0,,
528,Netherlands,1967,773.0,,
528,Netherlands,1968,846.0,,
528,Netherlands,1969,1319.0,,
528,Netherlands,1970,1348.0,,
528,Netherlands,1971,1587.0,,
528,Netherlands,1972,1826.0,,
528,Netherlands,1973,1826.0,,
528,Netherlands,1974,1841.0,,
528,Netherlands,1975,1985.0,,
528,Netherlands,1976,2031.0,,
528,Netherlands,1977,1869.0,,
528,Netherlands,1978,1850.0,,
528,Netherlands,1979,1850.0,,
528,Netherlands,1980,1852.0,1012.88,54.69
528,Netherlands,1981,1705.0,815.9,47.85
528,Netherlands,1982,1625.0,791.66,48.72
528,Netherlands,1983,1504.0,874.94,58.17
528,Netherlands,1984,1500.0,941.44,62.76
528,Netherlands,1985,1478.0,816.32,55.23
528,Netherlands,1986,1456.0,947.56,65.08
528,Netherlands,1987,1363.0,974.51,71.5
528,Netherlands,1988,1359.0,1029.89,75.78
528,Netherlands,1989,1367.0,1028.91,75.27
528,Netherlands,1990,1207.0,960.25,79.56
528,Netherlands,1991,1225.0,1038.95,84.81
528,Netherlands,1992,1254.0,1077.05,85.89
528,Netherlands,1993,1197.0,1089.54,91.02
528,Netherlands,1994,1197.0,1076.91,89.97
528,Netherlands,1995,1257.0,1130.85,89.96
528,Netherlands,1996,1234.0,1146.72,92.93
528,Netherlands,1997,1261.0,1149.0,91.12
528,Netherlands,1998,1261.0,1182.2,93.75
528,Netherlands,1999,1277.0,1103.46,86.41
528,Netherlands,2000,1277.0,1101.36,86.25
528,Netherlands,2001,1278.0,1098.05,85.92
528,Netherlands,2002,1281.5,969.65,75.67
528,Netherlands,2003,1281.5,1014.17,79.14
528,Netherlands,2004,1283.5,1057.4,82.38
528,Netherlands,2005,1273.9,1055.26,82.84
528,Netherlands,2006,1273.89,981.46,77.04
528,Netherlands,2007,1236.28,1001.6,81.02
528,Netherlands,2008,1279.58,1007.29,78.72
528,Netherlands,2009,1279.58,966.4,75.52
528,Netherlands,2010,1273.93,1041.1,81.72
528,Netherlands,2011,1276.23,1009.39,79.09
528,Netherlands,2012,1279.33,1008.32,78.82
528,Netherlands,2013,1279.33,958.06,74.89
528,Netherlands,2014,1279.33,999.67,78.14
528,Netherlands,2015,1297.75,1055.39,81.32
528,Netherlands,2016,1328.0,1079.65,81.3
528,Netherlands,2017,1328.0,1059.64,79.79
528,Netherlands,2018,1360.0,1085.49,79.82
528,Netherlands,2019,1360.0,1123.95,82.64
528,Netherlands,2020,1360.0,983.13,72.29
528,Netherlands,2021,1360.0,1039.44,76.43
528,Netherlands,2022,1348.0,1000.72,74.24
528,Netherlands,2023,1348.0,1068.52,79.27
528,Netherlands,2024,1348.0,945.34,70.13
528,Netherlands,2025,1260.0,1067.58,84.73
530,Netherlands Antilles,1965,703.0,,
530,Netherlands Antilles,1966,755.25,,
530,Netherlands Antilles,1967,755.25,,
530,Netherlands Antilles,1968,755.25,,
530,Netherlands Antilles,1969,798.0,,
530,Netherlands Antilles,1970,797.0,,
530,Netherlands Antilles,1971,797.0,,
530,Netherlands Antilles,1972,945.0,,
530,Netherlands Antilles,1973,980.0,,
530,Netherlands Antilles,1974,849.0,,
530,Netherlands Antilles,1975,810.0,,
530,Netherlands Antilles,1976,802.0,,
530,Netherlands Antilles,1977,842.0,,
530,Netherlands Antilles,1978,842.0,,
530,Netherlands Antilles,1979,792.0,,
530,Netherlands Antilles,1980,782.0,564.29,72.16
530,Netherlands Antilles,1981,782.0,522.14,66.77
530,Netherlands Antilles,1982,782.0,471.93,60.35
530,Netherlands Antilles,1983,761.0,479.96,63.07
530,Netherlands Antilles,1984,620.0,400.55,64.6
530,Netherlands Antilles,1985,320.0,172.71,53.97
530,Netherlands Antilles,1986,320.0,166.68,52.09
530,Netherlands Antilles,1987,320.0,194.8,60.87
530,Netherlands Antilles,1988,320.0,200.27,62.59
530,Netherlands Antilles,1989,320.0,200.82,62.76
530,Netherlands Antilles,1990,320.0,210.86,65.89
530,Netherlands Antilles,1991,320.0,206.3,64.47
530,Netherlands Antilles,1992,320.0,240.33,75.1
530,Netherlands Antilles,1993,320.0,250.93,78.41
530,Netherlands Antilles,1994,320.0,251.27,78.52
530,Netherlands Antilles,1995,320.0,252.03,78.76
530,Netherlands Antilles,1996,320.0,252.24,78.83
530,Netherlands Antilles,1997,320.0,236.53,73.92
530,Netherlands Antilles,1998,320.0,249.82,78.07
530,Netherlands Antilles,1999,320.0,219.16,68.49
530,Netherlands Antilles,2000,320.0,222.16,69.43
530,Netherlands Antilles,2001,320.0,243.16,75.99
530,Netherlands Antilles,2002,320.0,196.85,61.51
530,Netherlands Antilles,2003,320.0,186.22,58.19
530,Netherlands Antilles,2004,320.0,203.88,63.71
530,Netherlands Antilles,2005,320.0,215.0,67.19
530,Netherlands Antilles,2006,320.0,205.0,64.06
530,Netherlands Antilles,2007,320.0,209.0,65.31
530,Netherlands Antilles,2008,320.0,197.0,61.56
530,Netherlands Antilles,2009,320.0,183.0,57.19
530,Netherlands Antilles,2010,320.0,64.0,20.0
530,Netherlands Antilles,2011,320.0,164.0,51.25
531,Curacao,2012,320.0,165.0,51.56
531,Curacao,2013,320.0,170.0,53.12
531,Curacao,2014,320.0,189.0,59.06
531,Curacao,2015,320.0,178.0,55.62
531,Curacao,2016,320.0,156.0,48.75
531,Curacao,2017,320.0,84.0,26.25
531,Curacao,2018,320.0,28.52,8.91
531,Curacao,2019,320.0,4.25,1.33
531,Curacao,2020,320.0,0.0,0.0
531,Curacao,2021,320.0,0.0,0.0
531,Curacao,2022,320.0,0.0,0.0
531,Curacao,2023,320.0,0.0,0.0
531,Curacao,2024,320.0,0.0,0.0
531,Curacao,2025,0.0,0.0,
554,New Zealand,1965,61.0,,
554,New Zealand,1966,61.0,,
554,New Zealand,1967,61.0,,
554,New Zealand,1968,61.0,,
554,New Zealand,1969,61.0,,
554,New Zealand,1970,61.0,,
554,New Zealand,1971,61.0,,
554,New Zealand,1972,61.0,,
554,New Zealand,1973,61.0,,
554,New Zealand,1974,61.0,,
554,New Zealand,1975,61.0,,
554,New Zealand,1976,61.0,,
554,New Zealand,1977,61.0,,
554,New Zealand,1978,61.0,,
554,New Zealand,1979,61.0,,
554,New Zealand,1980,61.0,45.82,75.12
554,New Zealand,1981,61.0,46.36,76.01
554,New Zealand,1982,61.0,40.06,65.68
554,New Zealand,1983,61.0,44.98,73.74
554,New Zealand,1984,61.0,46.88,76.85
554,New Zealand,1985,61.0,28.38,46.53
554,New Zealand,1986,61.0,45.35,74.34
554,New Zealand,1987,88.0,67.03,76.18
554,New Zealand,1988,88.0,74.54,84.7
554,New Zealand,1989,88.0,82.83,94.12
554,New Zealand,1990,88.0,83.13,94.46
554,New Zealand,1991,88.0,80.75,91.76
554,New Zealand,1992,88.0,80.73,91.74
554,New Zealand,1993,88.0,86.32,98.09
554,New Zealand,1994,88.0,90.1,102.39
554,New Zealand,1995,88.0,88.0,100.0
554,New Zealand,1996,97.0,86.05,88.71
554,New Zealand,1997,97.0,94.54,97.46
554,New Zealand,1998,96.0,96.67,100.7
554,New Zealand,1999,96.0,94.55,98.49
554,New Zealand,2000,96.0,98.16,102.25
554,New Zealand,2001,101.0,93.23,92.3
554,New Zealand,2002,104.0,97.82,94.06
554,New Zealand,2003,104.0,97.9,94.14
554,New Zealand,2004,104.0,94.93,91.28
554,New Zealand,2005,102.0,96.51,94.62
554,New Zealand,2006,102.42,97.45,95.15
554,New Zealand,2007,102.62,92.43,90.07
554,New Zealand,2008,102.62,99.06,96.53
554,New Zealand,2009,135.6,95.7,70.57
554,New Zealand,2010,135.6,99.85,73.64
554,New Zealand,2011,135.6,107.98,79.63
554,New Zealand,2012,135.6,108.96,80.35
554,New Zealand,2013,135.6,104.81,77.29
554,New Zealand,2014,135.6,101.24,74.66
554,New Zealand,2015,135.6,108.9,80.31
554,New Zealand,2016,135.6,107.47,79.25
554,New Zealand,2017,135.6,107.68,79.41
554,New Zealand,2018,135.6,103.19,76.09
554,New Zealand,2019,135.6,109.67,80.88
554,New Zealand,2020,135.6,75.8,55.9
554,New Zealand,2021,135.0,73.96,54.79
554,New Zealand,2022,76.0,18.02,23.71
554,New Zealand,2023,30.0,0.0,0.0
554,New Zealand,2024,30.0,0.0,0.0
554,New Zealand,2025,30.0,0.0,0.0
566,Nigeria,1965,32.13,,
566,Nigeria,1966,32.13,,
566,Nigeria,1967,33.34,,
566,Nigeria,1968,42.17,,
566,Nigeria,1969,42.17,,
566,Nigeria,1970,55.23,,
566,Nigeria,1971,60.25,,
566,Nigeria,1972,60.25,,
566,Nigeria,1973,60.25,,
566,Nigeria,1974,60.25,,
566,Nigeria,1975,60.25,,
566,Nigeria,1976,60.25,,
566,Nigeria,1977,60.25,,
566,Nigeria,1978,160.0,,
566,Nigeria,1979,160.0,,
566,Nigeria,1980,210.0,126.95,60.45
566,Nigeria,1981,210.0,154.93,73.78
566,Nigeria,1982,260.0,165.96,63.83
566,Nigeria,1983,260.0,155.78,59.91
566,Nigeria,1984,260.0,163.48,62.88
566,Nigeria,1985,261.0,141.24,54.11
566,Nigeria,1986,270.0,142.46,52.76
566,Nigeria,1987,270.0,143.43,53.12
566,Nigeria,1988,275.0,162.2,58.98
566,Nigeria,1989,390.0,219.8,56.36
566,Nigeria,1990,445.0,260.77,58.6
566,Nigeria,1991,445.0,245.3,55.12
566,Nigeria,1992,445.0,228.55,51.36
566,Nigeria,1993,445.0,228.19,51.28
566,Nigeria,1994,300.0,116.64,38.88
566,Nigeria,1995,370.0,169.45,45.8
566,Nigeria,1996,445.0,202.82,45.58
566,Nigeria,1997,385.0,212.93,55.31
566,Nigeria,1998,445.0,148.07,33.27
566,Nigeria,1999,360.0,181.04,50.29
566,Nigeria,2000,320.0,95.63,29.88
566,Nigeria,2001,445.0,220.78,49.61
566,Nigeria,2002,400.0,215.86,53.97
566,Nigeria,2003,400.0,122.44,30.61
566,Nigeria,2004,360.0,103.9,28.86
566,Nigeria,2005,405.0,193.53,47.78
566,Nigeria,2006,230.0,119.03,51.75
566,Nigeria,2007,445.0,52.22,11.73
566,Nigeria,2008,320.0,107.28,33.53
566,Nigeria,2009,220.0,48.62,22.1
566,Nigeria,2010,321.0,95.54,29.76
566,Nigeria,2011,446.0,107.97,24.21
566,Nigeria,2012,446.0,91.88,20.6
566,Nigeria,2013,446.0,96.53,21.64
566,Nigeria,2014,449.0,64.0,14.25
566,Nigeria,2015,449.0,21.89,4.88
566,Nigeria,2016,339.0,61.5,18.14
566,Nigeria,2017,214.0,80.76,37.74
566,Nigeria,2018,219.0,35.95,16.42
566,Nigeria,2019,220.0,7.58,3.45
566,Nigeria,2020,226.0,0.34,0.15
566,Nigeria,2021,235.0,2.84,1.21
566,Nigeria,2022,240.0,6.49,2.7
566,Nigeria,2023,404.0,17.59,4.35
566,Nigeria,2024,905.0,238.97,26.41
566,Nigeria,2025,963.0,360.0,37.38
578,Norway,1965,60.0,,
578,Norway,1966,60.0,,
578,Norway,1967,98.0,,
578,Norway,1968,107.0,,
578,Norway,1969,117.0,,
578,Norway,1970,194.0,,
578,Norway,1971,161.0,,
578,Norway,1972,173.0,,
578,Norway,1973,168.0,,
578,Norway,1974,168.0,,
578,Norway,1975,259.0,,
578,Norway,1976,259.0,,
578,Norway,1977,264.0,,
578,Norway,1978,260.0,,
578,Norway,1979,260.0,,
578,Norway,1980,250.0,143.2,57.28
578,Norway,1981,240.0,137.52,57.3
578,Norway,1982,240.0,128.73,53.64
578,Norway,1983,240.0,136.46,56.86
578,Norway,1984,240.0,140.25,58.44
578,Norway,1985,240.0,150.64,62.77
578,Norway,1986,240.0,149.71,62.38
578,Norway,1987,240.0,182.53,76.05
578,Norway,1988,210.0,165.91,79.0
578,Norway,1989,260.0,199.74,76.82
578,Norway,1990,291.0,255.89,87.93
578,Norway,1991,288.0,242.23,84.11
578,Norway,1992,288.0,270.77,94.02
578,Norway,1993,288.0,270.49,93.92
578,Norway,1994,288.0,281.85,97.87
578,Norway,1995,298.0,250.71,84.13
578,Norway,1996,308.0,279.9,90.88
578,Norway,1997,308.0,285.71,92.76
578,Norway,1998,310.0,284.02,91.62
578,Norway,1999,323.0,287.96,89.15
578,Norway,2000,305.0,285.31,93.54
578,Norway,2001,307.0,267.62,87.17
578,Norway,2002,316.0,251.57,79.61
578,Norway,2003,316.0,279.4,88.42
578,Norway,2004,316.0,265.28,83.95
578,Norway,2005,316.0,288.64,91.34
578,Norway,2006,316.0,307.38,97.27
578,Norway,2007,316.0,305.39,96.64
578,Norway,2008,316.0,278.68,88.19
578,Norway,2009,316.0,277.72,87.89
578,Norway,2010,316.0,258.96,81.95
578,Norway,2011,329.0,288.66,87.74
578,Norway,2012,342.0,287.15,83.96
578,Norway,2013,342.0,291.55,85.25
578,Norway,2014,342.0,274.36,80.22
578,Norway,2015,342.0,293.39,85.79
578,Norway,2016,342.0,230.13,67.29
578,Norway,2017,342.0,280.77,82.1
578,Norway,2018,342.0,304.63,89.07
578,Norway,2019,342.0,264.54,77.35
578,Norway,2020,342.0,237.31,69.39
578,Norway,2021,226.0,221.59,98.05
578,Norway,2022,226.0,144.81,64.08
578,Norway,2023,226.0,159.11,70.4
578,Norway,2024,226.0,141.07,62.42
578,Norway,2025,226.0,170.0,75.22
586,Pakistan,1965,52.0,,
586,Pakistan,1966,62.0,,
586,Pakistan,1967,62.0,,
586,Pakistan,1968,62.0,,
586,Pakistan,1969,62.0,,
586,Pakistan,1970,62.0,,
586,Pakistan,1971,62.0,,
586,Pakistan,1972,62.0,,
586,Pakistan,1973,62.0,,
586,Pakistan,1974,62.0,,
586,Pakistan,1975,62.0,,
586,Pakistan,1976,62.0,,
586,Pakistan,1977,96.0,,
586,Pakistan,1978,96.0,,
586,Pakistan,1979,96.0,,
586,Pakistan,1980,113.0,90.0,79.65
586,Pakistan,1981,113.0,96.0,84.96
586,Pakistan,1982,113.0,100.0,88.5
586,Pakistan,1983,113.0,100.0,88.5
586,Pakistan,1984,113.0,104.0,92.04
586,Pakistan,1985,113.0,114.0,100.88
586,Pakistan,1986,113.0,118.0,104.42
586,Pakistan,1987,113.0,116.0,102.65
586,Pakistan,1988,113.0,116.0,102.65
586,Pakistan,1989,113.0,115.0,101.77
586,Pakistan,1990,129.0,125.0,96.9
586,Pakistan,1991,129.0,134.0,103.88
586,Pakistan,1992,129.0,131.0,101.55
586,Pakistan,1993,129.0,131.0,101.55
586,Pakistan,1994,132.0,128.0,96.97
586,Pakistan,1995,132.0,129.0,97.73
586,Pakistan,1996,131.0,128.0,97.71
586,Pakistan,1997,132.0,127.0,96.21
586,Pakistan,1998,131.0,130.0,99.24
586,Pakistan,1999,134.0,133.0,99.25
586,Pakistan,2000,134.0,158.0,117.91
586,Pakistan,2001,226.53,180.57,79.71
586,Pakistan,2002,226.53,192.43,84.95
586,Pakistan,2003,227.53,195.94,86.12
586,Pakistan,2004,255.65,209.69,82.02
586,Pakistan,2005,268.95,230.76,85.8
586,Pakistan,2006,271.46,221.54,81.61
586,Pakistan,2007,274.77,238.25,86.71
586,Pakistan,2008,274.25,226.46,82.57
586,Pakistan,2009,276.08,209.06,75.72
586,Pakistan,2010,278.71,189.6,68.03
586,Pakistan,2011,278.9,192.89,69.16
586,Pakistan,2012,275.14,191.68,69.67
586,Pakistan,2013,389.81,223.16,57.25
586,Pakistan,2014,389.81,231.56,59.4
586,Pakistan,2015,388.71,256.56,66.0
586,Pakistan,2016,389.28,241.88,62.14
586,Pakistan,2017,401.19,260.61,64.96
586,Pakistan,2018,401.45,275.05,68.51
586,Pakistan,2019,401.45,243.47,60.65
586,Pakistan,2020,430.0,209.87,48.81
586,Pakistan,2021,443.0,240.17,54.22
586,Pakistan,2022,453.0,230.75,50.94
586,Pakistan,2023,454.0,221.64,48.82
586,Pakistan,2024,474.0,231.87,48.92
586,Pakistan,2025,474.0,252.18,53.2
604,Peru,1965,60.04,,
604,Peru,1966,60.42,,
604,Peru,1967,85.5,,
604,Peru,1968,98.42,,
604,Peru,1969,87.4,,
604,Peru,1970,87.4,,
604,Peru,1971,100.32,,
604,Peru,1972,101.0,,
604,Peru,1973,107.0,,
604,Peru,1974,130.0,,
604,Peru,1975,130.0,,
604,Peru,1976,116.0,,
604,Peru,1977,171.0,,
604,Peru,1978,170.0,,
604,Peru,1979,170.0,,
604,Peru,1980,171.0,145.34,84.99
604,Peru,1981,176.0,153.31,87.11
604,Peru,1982,186.0,155.9,83.82
604,Peru,1983,186.0,152.18,81.82
604,Peru,1984,187.0,173.36,92.7
604,Peru,1985,187.0,174.25,93.18
604,Peru,1986,187.0,171.96,91.96
604,Peru,1987,187.0,171.96,91.96
604,Peru,1988,187.0,163.8,87.6
604,Peru,1989,187.0,149.69,80.05
604,Peru,1990,187.0,146.58,78.38
604,Peru,1991,187.0,149.79,80.1
604,Peru,1992,187.0,152.27,81.43
604,Peru,1993,189.0,153.81,81.38
604,Peru,1994,189.0,151.7,80.27
604,Peru,1995,189.0,146.84,77.69
604,Peru,1996,189.0,147.18,77.87
604,Peru,1997,189.0,163.31,86.41
604,Peru,1998,189.0,169.27,89.56
604,Peru,1999,192.0,142.86,74.41
604,Peru,2000,198.0,141.93,71.68
604,Peru,2001,198.0,160.63,81.13
604,Peru,2002,198.0,148.71,75.1
604,Peru,2003,198.0,142.76,72.1
604,Peru,2004,223.0,149.49,67.04
604,Peru,2005,223.0,177.49,79.59
604,Peru,2006,223.0,169.64,76.07
604,Peru,2007,223.0,176.48,79.14
604,Peru,2008,230.0,173.92,75.62
604,Peru,2009,252.0,198.6,78.81
604,Peru,2010,252.0,200.77,79.67
604,Peru,2011,252.0,192.88,76.54
604,Peru,2012,252.0,190.42,75.56
604,Peru,2013,253.0,186.04,73.53
604,Peru,2014,253.0,187.68,74.18
604,Peru,2015,253.0,187.97,74.29
604,Peru,2016,260.0,194.01,74.62
604,Peru,2017,260.0,213.19,82.0
604,Peru,2018,260.0,208.89,80.34
604,Peru,2019,260.0,192.3,73.96
604,Peru,2020,195.0,105.35,54.03
604,Peru,2021,283.0,137.96,48.75
604,Peru,2022,290.0,132.6,45.73
604,Peru,2023,290.0,173.16,59.71
604,Peru,2024,290.0,190.84,65.81
604,Peru,2025,290.0,180.0,62.07
608,Philippines,1965,102.0,,
608,Philippines,1966,109.0,,
608,Philippines,1967,171.0,,
608,Philippines,1968,187.0,,
608,Philippines,1969,195.0,,
608,Philippines,1970,199.0,,
608,Philippines,1971,206.0,,
608,Philippines,1972,275.0,,
608,Philippines,1973,275.0,,
608,Philippines,1974,275.0,,
608,Philippines,1975,275.0,,
608,Philippines,1976,246.0,,
608,Philippines,1977,246.0,,
608,Philippines,1978,257.0,,
608,Philippines,1979,257.0,,
608,Philippines,1980,256.0,207.0,80.86
608,Philippines,1981,276.0,208.0,75.36
608,Philippines,1982,291.0,174.0,59.79
608,Philippines,1983,291.0,173.0,59.45
608,Philippines,1984,291.0,152.0,52.23
608,Philippines,1985,291.0,132.84,45.65
608,Philippines,1986,291.0,146.8,50.45
608,Philippines,1987,291.0,167.06,57.41
608,Philippines,1988,291.0,190.58,65.49
608,Philippines,1989,291.0,195.3,67.11
608,Philippines,1990,291.0,212.69,73.09
608,Philippines,1991,291.0,203.77,70.03
608,Philippines,1992,291.0,227.03,78.02
608,Philippines,1993,291.0,225.76,77.58
608,Philippines,1994,301.0,232.17,77.13
608,Philippines,1995,366.0,314.09,85.82
608,Philippines,1996,369.0,340.91,92.39
608,Philippines,1997,389.0,358.47,92.15
608,Philippines,1998,394.0,331.72,84.19
608,Philippines,1999,396.0,320.77,81.0
608,Philippines,2000,398.0,304.86,76.6
608,Philippines,2001,398.0,289.3,72.69
608,Philippines,2002,398.0,249.84,62.77
608,Philippines,2003,335.0,242.41,72.36
608,Philippines,2004,280.0,192.0,68.57
608,Philippines,2005,280.0,206.79,73.85
608,Philippines,2006,275.5,211.4,76.73
608,Philippines,2007,269.8,205.69,76.24
608,Philippines,2008,269.8,183.61,68.05
608,Philippines,2009,266.95,147.15,55.12
608,Philippines,2010,264.1,180.57,68.37
608,Philippines,2011,261.25,189.83,72.66
608,Philippines,2012,261.25,170.47,65.25
608,Philippines,2013,269.8,158.11,58.6
608,Philippines,2014,270.75,168.14,62.1
608,Philippines,2015,270.75,212.27,78.4
608,Philippines,2016,270.75,215.89,79.74
608,Philippines,2017,270.94,211.48,78.06
608,Philippines,2018,270.94,237.07,87.5
608,Philippines,2019,270.94,162.58,60.01
608,Philippines,2020,180.0,94.58,52.54
608,Philippines,2021,180.0,78.66,43.7
608,Philippines,2022,180.0,119.74,66.52
608,Philippines,2023,180.0,132.3,73.5
608,Philippines,2024,180.0,133.3,74.06
608,Philippines,2025,180.0,134.3,74.61
616,Poland,1965,86.0,,
616,Poland,1966,86.0,,
616,Poland,1967,86.0,,
616,Poland,1968,161.0,,
616,Poland,1969,161.0,,
616,Poland,1970,161.0,,
616,Poland,1971,201.0,,
616,Poland,1972,241.0,,
616,Poland,1973,241.0,,
616,Poland,1974,241.0,,
616,Poland,1975,311.0,,
616,Poland,1976,320.0,,
616,Poland,1977,351.0,,
616,Poland,1978,361.0,,
616,Poland,1979,361.0,,
616,Poland,1980,361.0,324.0,89.75
616,Poland,1981,361.0,273.0,75.62
616,Poland,1982,361.0,269.0,74.52
616,Poland,1983,361.0,274.0,75.9
616,Poland,1984,361.0,273.0,75.62
616,Poland,1985,361.0,282.0,78.12
616,Poland,1986,361.0,287.0,79.5
616,Poland,1987,361.0,287.0,79.5
616,Poland,1988,361.0,310.0,85.87
616,Poland,1989,361.0,317.0,87.81
616,Poland,1990,361.0,265.0,73.41
616,Poland,1991,335.0,239.0,71.34
616,Poland,1992,335.0,264.0,78.81
616,Poland,1993,335.0,280.0,83.58
616,Poland,1994,341.0,301.0,88.27
616,Poland,1995,341.0,310.0,90.91
616,Poland,1996,341.0,319.0,93.55
616,Poland,1997,361.0,353.0,97.78
616,Poland,1998,372.0,366.0,98.39
616,Poland,1999,378.0,370.0,97.88
616,Poland,2000,384.0,379.0,98.7
616,Poland,2001,386.0,378.0,97.93
616,Poland,2002,482.0,365.0,75.73
616,Poland,2003,482.0,358.0,74.27
616,Poland,2004,484.78,373.33,77.01
616,Poland,2005,506.91,376.1,74.19
616,Poland,2006,497.66,395.83,79.54
616,Poland,2007,493.46,402.2,81.51
616,Poland,2008,492.46,416.57,84.59
616,Poland,2009,491.05,407.67,83.02
616,Poland,2010,560.47,457.87,81.69
616,Poland,2011,579.57,481.97,83.16
616,Poland,2012,581.76,504.69,86.75
616,Poland,2013,581.76,488.0,83.88
616,Poland,2014,581.76,485.99,83.54
616,Poland,2015,581.38,532.18,91.54
616,Poland,2016,581.38,516.7,88.88
616,Poland,2017,568.17,508.08,89.42
616,Poland,2018,581.38,540.21,92.92
616,Poland,2019,581.38,545.86,93.89
616,Poland,2020,581.38,515.85,88.73
616,Poland,2021,581.38,497.14,85.51
616,Poland,2022,581.38,535.08,92.04
616,Poland,2023,583.0,501.63,86.04
616,Poland,2024,583.0,519.74,89.15
616,Poland,2025,583.0,519.02,89.03
620,Portugal,1965,24.0,,
620,Portugal,1966,24.0,,
620,Portugal,1967,24.0,,
620,Portugal,1968,24.0,,
620,Portugal,1969,64.0,,
620,Portugal,1970,80.0,,
620,Portugal,1971,80.0,,
620,Portugal,1972,80.0,,
620,Portugal,1973,131.0,,
620,Portugal,1974,131.0,,
620,Portugal,1975,191.0,,
620,Portugal,1976,191.0,,
620,Portugal,1977,191.0,,
620,Portugal,1978,241.0,,
620,Portugal,1979,201.0,,
620,Portugal,1980,201.0,143.0,71.14
620,Portugal,1981,201.0,148.0,73.63
620,Portugal,1982,291.0,148.0,50.86
620,Portugal,1983,291.0,161.0,55.33
620,Portugal,1984,291.0,136.0,46.74
620,Portugal,1985,291.0,134.0,46.05
620,Portugal,1986,291.0,149.0,51.2
620,Portugal,1987,291.0,151.0,51.89
620,Portugal,1988,291.0,150.0,51.55
620,Portugal,1989,291.0,185.0,63.57
620,Portugal,1990,291.0,210.32,72.28
620,Portugal,1991,291.0,192.35,66.1
620,Portugal,1992,291.0,225.65,77.54
620,Portugal,1993,291.0,216.91,74.54
620,Portugal,1994,291.0,271.31,93.23
620,Portugal,1995,291.0,258.14,88.71
620,Portugal,1996,291.0,235.24,80.84
620,Portugal,1997,291.0,247.57,85.08
620,Portugal,1998,291.0,271.37,93.25
620,Portugal,1999,291.0,259.6,89.21
620,Portugal,2000,291.0,232.66,79.95
620,Portugal,2001,306.0,249.74,81.62
620,Portugal,2002,306.0,235.91,77.09
620,Portugal,2003,306.0,253.88,82.97
620,Portugal,2004,306.0,254.25,83.09
620,Portugal,2005,306.49,263.24,85.89
620,Portugal,2006,306.49,265.39,86.59
620,Portugal,2007,306.49,247.29,80.68
620,Portugal,2008,306.49,241.25,78.71
620,Portugal,2009,306.49,208.98,68.18
620,Portugal,2010,306.49,226.87,74.02
620,Portugal,2011,306.49,206.34,67.32
620,Portugal,2012,330.0,221.38,67.09
620,Portugal,2013,330.0,239.22,72.49
620,Portugal,2014,330.0,216.73,65.67
620,Portugal,2015,330.0,278.08,84.27
620,Portugal,2016,330.0,278.54,84.41
620,Portugal,2017,330.0,283.9,86.03
620,Portugal,2018,330.0,251.82,76.31
620,Portugal,2019,330.0,223.27,67.66
620,Portugal,2020,330.0,218.35,66.17
620,Portugal,2021,225.0,190.75,84.78
620,Portugal,2022,225.0,203.68,90.52
620,Portugal,2023,225.0,189.34,84.15
620,Portugal,2024,220.9,215.8,97.69
620,Portugal,2025,220.9,211.0,95.52
634,Qatar,1965,0.95,,
634,Qatar,1966,0.95,,
634,Qatar,1967,0.95,,
634,Qatar,1968,0.95,,
634,Qatar,1969,0.95,,
634,Qatar,1970,0.95,,
634,Qatar,1971,0.95,,
634,Qatar,1972,1.0,,
634,Qatar,1973,1.0,,
634,Qatar,1974,7.0,,
634,Qatar,1975,7.0,,
634,Qatar,1976,9.0,,
634,Qatar,1977,10.0,,
634,Qatar,1978,11.0,,
634,Qatar,1979,11.0,,
634,Qatar,1980,13.0,7.61,58.54
634,Qatar,1981,13.0,8.64,66.43
634,Qatar,1982,12.0,8.23,68.61
634,Qatar,1983,63.0,9.24,14.66
634,Qatar,1984,56.0,15.7,28.04
634,Qatar,1985,56.0,26.31,46.98
634,Qatar,1986,62.0,33.32,53.74
634,Qatar,1987,62.0,36.77,59.31
634,Qatar,1988,62.0,43.82,70.68
634,Qatar,1989,62.0,53.4,86.13
634,Qatar,1990,62.0,60.99,98.37
634,Qatar,1991,60.0,54.28,90.47
634,Qatar,1992,60.0,58.18,96.97
634,Qatar,1993,58.0,53.92,92.97
634,Qatar,1994,58.0,63.06,108.72
634,Qatar,1995,62.0,60.45,97.5
634,Qatar,1996,62.0,67.65,109.12
634,Qatar,1997,62.0,63.86,103.0
634,Qatar,1998,62.0,69.48,112.07
634,Qatar,1999,62.0,68.08,109.8
634,Qatar,2000,62.0,63.57,102.53
634,Qatar,2001,62.0,60.25,97.17
634,Qatar,2002,137.0,117.45,85.73
634,Qatar,2003,137.0,126.71,92.49
634,Qatar,2004,137.0,120.7,88.1
634,Qatar,2005,137.0,114.59,83.64
634,Qatar,2006,137.0,130.07,94.94
634,Qatar,2007,137.0,149.42,109.07
634,Qatar,2008,137.0,144.64,105.58
634,Qatar,2009,283.0,157.7,55.72
634,Qatar,2010,283.0,294.39,104.02
634,Qatar,2011,283.0,278.31,98.34
634,Qatar,2012,283.0,292.15,103.23
634,Qatar,2013,283.0,269.71,95.3
634,Qatar,2014,283.0,260.77,92.14
634,Qatar,2015,283.0,252.72,89.3
634,Qatar,2016,429.0,279.97,65.26
634,Qatar,2017,429.0,378.57,88.24
634,Qatar,2018,429.0,405.65,94.56
634,Qatar,2019,429.0,386.75,90.15
634,Qatar,2020,429.0,335.16,78.13
634,Qatar,2021,429.0,357.16,83.25
634,Qatar,2022,429.0,394.09,91.86
634,Qatar,2023,429.0,398.47,92.88
634,Qatar,2024,429.0,397.11,92.57
634,Qatar,2025,429.0,363.44,84.72
642,Romania,1965,241.0,,
642,Romania,1966,241.0,,
642,Romania,1967,281.0,,
642,Romania,1968,280.0,,
642,Romania,1969,301.0,,
642,Romania,1970,321.0,,
642,Romania,1971,337.0,,
642,Romania,1972,336.0,,
642,Romania,1973,372.0,,
642,Romania,1974,402.0,,
642,Romania,1975,402.0,,
642,Romania,1976,471.0,,
642,Romania,1977,510.0,,
642,Romania,1978,538.0,,
642,Romania,1979,583.0,,
642,Romania,1980,618.0,548.75,88.79
642,Romania,1981,618.0,540.61,87.48
642,Romania,1982,618.0,530.97,85.92
642,Romania,1983,618.0,521.33,84.36
642,Romania,1984,618.0,510.3,82.57
642,Romania,1985,618.0,496.03,80.26
642,Romania,1986,618.0,537.68,87.0
642,Romania,1987,618.0,595.84,96.41
642,Romania,1988,678.0,588.4,86.79
642,Romania,1989,698.0,614.82,88.08
642,Romania,1990,698.0,475.22,68.08
642,Romania,1991,698.0,305.07,43.71
642,Romania,1992,597.0,259.79,43.52
642,Romania,1993,567.0,267.74,47.22
642,Romania,1994,532.0,296.09,55.66
642,Romania,1995,532.0,306.43,57.6
642,Romania,1996,528.0,268.89,50.93
642,Romania,1997,525.0,249.64,47.55
642,Romania,1998,512.0,251.43,49.11
642,Romania,1999,438.0,198.71,45.37
642,Romania,2000,391.0,212.27,54.29
642,Romania,2001,461.0,231.05,50.12
642,Romania,2002,421.0,242.21,57.53
642,Romania,2003,675.0,217.91,32.28
642,Romania,2004,609.0,258.11,42.38
642,Romania,2005,655.0,279.1,42.61
642,Romania,2006,655.0,266.29,40.65
642,Romania,2007,655.0,261.19,39.88
642,Romania,2008,358.03,259.97,72.61
642,Romania,2009,283.1,225.12,79.52
642,Romania,2010,246.79,201.83,81.78
642,Romania,2011,228.9,194.3,84.88
642,Romania,2012,213.53,182.27,85.36
642,Romania,2013,235.44,188.97,80.26
642,Romania,2014,228.46,209.96,91.9
642,Romania,2015,238.98,207.89,86.99
642,Romania,2016,255.93,228.49,89.28
642,Romania,2017,246.57,229.28,92.99
642,Romania,2018,253.96,233.39,91.9
642,Romania,2019,251.63,244.42,97.13
642,Romania,2020,239.16,210.74,88.12
642,Romania,2021,251.63,200.49,79.68
642,Romania,2022,251.63,234.59,93.23
642,Romania,2023,251.63,206.54,82.08
642,Romania,2024,242.65,220.0,90.66
642,Romania,2025,255.1,231.37,90.7
643,Russian Federation,1980,6802.0,,
643,Russian Federation,1981,6802.0,,
643,Russian Federation,1982,6972.0,,
643,Russian Federation,1983,7012.0,,
643,Russian Federation,1984,7012.0,,
643,Russian Federation,1985,7072.0,,
643,Russian Federation,1986,7138.0,,
643,Russian Federation,1987,7138.0,,
643,Russian Federation,1988,7138.0,,
643,Russian Federation,1989,7138.0,,
643,Russian Federation,1990,7138.0,5984.49,83.84
643,Russian Federation,1991,7138.0,5753.49,80.6
643,Russian Federation,1992,6606.0,5119.04,77.49
643,Russian Federation,1993,6531.0,4472.97,68.49
643,Russian Federation,1994,6619.0,3739.36,56.49
643,Russian Federation,1995,6612.0,3660.54,55.36
643,Russian Federation,1996,6560.0,3522.32,53.69
643,Russian Federation,1997,6277.0,3550.93,56.57
643,Russian Federation,1998,6028.0,3293.46,54.64
643,Russian Federation,1999,5536.0,3380.98,61.07
643,Russian Federation,2000,5521.0,3481.27,63.06
643,Russian Federation,2001,5481.0,3584.37,65.4
643,Russian Federation,2002,5389.0,3716.51,68.96
643,Russian Federation,2003,5258.0,3817.06,72.6
643,Russian Federation,2004,5246.0,3912.1,74.57
643,Russian Federation,2005,5313.0,4172.0,78.52
643,Russian Federation,2006,5429.0,4422.74,81.47
643,Russian Federation,2007,5391.0,4597.07,85.27
643,Russian Federation,2008,5333.0,4742.25,88.92
643,Russian Federation,2009,5389.0,4764.82,88.42
643,Russian Federation,2010,5527.0,5017.73,90.79
643,Russian Federation,2011,5673.0,5185.31,91.4
643,Russian Federation,2012,5767.0,5438.46,94.3
643,Russian Federation,2013,6229.0,5635.57,90.47
643,Russian Federation,2014,6366.0,5926.05,93.09
643,Russian Federation,2015,6457.0,5773.31,89.41
643,Russian Federation,2016,6563.0,5714.75,87.08
643,Russian Federation,2017,6590.0,5692.0,86.37
643,Russian Federation,2018,6596.0,5812.0,88.11
643,Russian Federation,2019,6661.0,5790.0,86.92
643,Russian Federation,2020,6746.0,5485.0,81.31
643,Russian Federation,2021,6825.0,5703.0,83.56
643,Russian Federation,2022,6781.0,5511.0,81.27
643,Russian Federation,2023,6738.0,5659.0,83.99
643,Russian Federation,2024,6718.0,5200.0,77.4
643,Russian Federation,2025,6718.0,4900.0,72.94
682,Saudi Arabia,1965,303.0,,
682,Saudi Arabia,1966,335.0,,
682,Saudi Arabia,1967,335.0,,
682,Saudi Arabia,1968,347.0,,
682,Saudi Arabia,1969,347.0,,
682,Saudi Arabia,1970,676.0,,
682,Saudi Arabia,1971,676.0,,
682,Saudi Arabia,1972,676.0,,
682,Saudi Arabia,1973,676.0,,
682,Saudi Arabia,1974,676.0,,
682,Saudi Arabia,1975,703.0,,
682,Saudi Arabia,1976,703.0,,
682,Saudi Arabia,1977,703.0,,
682,Saudi Arabia,1978,645.0,,
682,Saudi Arabia,1979,690.0,,
682,Saudi Arabia,1980,700.0,610.21,87.17
682,Saudi Arabia,1981,820.0,653.13,79.65
682,Saudi Arabia,1982,820.0,742.08,90.5
682,Saudi Arabia,1983,1010.0,851.32,84.29
682,Saudi Arabia,1984,1260.0,855.33,67.88
682,Saudi Arabia,1985,1510.0,1014.93,67.21
682,Saudi Arabia,1986,1540.0,1095.68,71.15
682,Saudi Arabia,1987,1565.0,1336.67,85.41
682,Saudi Arabia,1988,1565.0,1491.96,95.33
682,Saudi Arabia,1989,1915.0,1447.52,75.59
682,Saudi Arabia,1990,1860.0,1512.39,81.31
682,Saudi Arabia,1991,1645.0,1487.19,90.41
682,Saudi Arabia,1992,1660.0,1641.4,98.88
682,Saudi Arabia,1993,1670.0,1618.91,96.94
682,Saudi Arabia,1994,1683.0,1640.9,97.5
682,Saudi Arabia,1995,1692.0,1579.87,93.37
682,Saudi Arabia,1996,1699.0,1777.44,104.62
682,Saudi Arabia,1997,1704.0,1612.26,94.62
682,Saudi Arabia,1998,1762.0,1634.91,92.79
682,Saudi Arabia,1999,1808.0,1616.74,89.42
682,Saudi Arabia,2000,1798.0,1669.2,92.84
682,Saudi Arabia,2001,1805.0,1661.82,92.07
682,Saudi Arabia,2002,1809.0,1627.78,89.98
682,Saudi Arabia,2003,2049.0,1789.28,87.32
682,Saudi Arabia,2004,2074.0,1929.95,93.05
682,Saudi Arabia,2005,2102.0,2001.81,95.23
682,Saudi Arabia,2006,2102.0,1991.51,94.74
682,Saudi Arabia,2007,2102.0,1936.35,92.12
682,Saudi Arabia,2008,2102.0,2018.33,96.02
682,Saudi Arabia,2009,2109.0,1928.11,91.42
682,Saudi Arabia,2010,2109.0,1921.5,91.11
682,Saudi Arabia,2011,2107.0,1883.97,89.41
682,Saudi Arabia,2012,2107.0,1953.26,92.7
682,Saudi Arabia,2013,2507.0,1875.7,74.82
682,Saudi Arabia,2014,2899.0,2200.61,75.91
682,Saudi Arabia,2015,2899.0,2446.99,84.41
682,Saudi Arabia,2016,2901.0,2753.0,94.9
682,Saudi Arabia,2017,2826.0,2802.0,99.15
682,Saudi Arabia,2018,2835.0,2770.0,97.71
682,Saudi Arabia,2019,2905.0,2580.69,88.84
682,Saudi Arabia,2020,2859.0,2178.79,76.21
682,Saudi Arabia,2021,2889.0,2536.44,87.8
682,Saudi Arabia,2022,3224.0,2915.66,90.44
682,Saudi Arabia,2023,3289.0,2707.25,82.31
682,Saudi Arabia,2024,3289.0,2762.49,83.99
682,Saudi Arabia,2025,3289.0,2741.18,83.34
702,Singapore,1965,50.0,,
702,Singapore,1966,79.0,,
702,Singapore,1967,162.0,,
702,Singapore,1968,170.0,,
702,Singapore,1969,180.0,,
702,Singapore,1970,288.0,,
702,Singapore,1971,303.0,,
702,Singapore,1972,490.0,,
702,Singapore,1973,700.0,,
702,Singapore,1974,956.0,,
702,Singapore,1975,923.0,,
702,Singapore,1976,918.0,,
702,Singapore,1977,918.0,,
702,Singapore,1978,958.0,,
702,Singapore,1979,960.0,,
702,Singapore,1980,1063.0,550.0,51.74
702,Singapore,1981,1063.0,600.0,56.44
702,Singapore,1982,1073.0,580.0,54.05
702,Singapore,1983,1083.0,560.0,51.71
702,Singapore,1984,1083.0,560.0,51.71
702,Singapore,1985,1043.0,700.0,67.11
702,Singapore,1986,973.0,750.0,77.08
702,Singapore,1987,903.0,670.0,74.2
702,Singapore,1988,881.0,746.0,84.68
702,Singapore,1989,891.0,840.0,94.28
702,Singapore,1990,933.0,936.0,100.32
702,Singapore,1991,1031.0,959.0,93.02
702,Singapore,1992,1056.0,952.0,90.15
702,Singapore,1993,1098.0,1082.0,98.54
702,Singapore,1994,1133.0,1118.0,98.68
702,Singapore,1995,1175.0,1101.0,93.7
702,Singapore,1996,1175.0,1183.0,100.68
702,Singapore,1997,1200.0,1172.0,97.67
702,Singapore,1998,1220.0,1098.0,90.0
702,Singapore,1999,690.0,933.0,135.22
702,Singapore,2000,1340.0,880.0,65.67
702,Singapore,2001,1365.0,880.0,64.47
702,Singapore,2002,1393.0,825.0,59.22
702,Singapore,2003,1393.0,939.0,67.41
702,Singapore,2004,1406.0,1111.0,79.02
702,Singapore,2005,1420.0,1176.0,82.82
702,Singapore,2006,1422.0,1155.0,81.22
702,Singapore,2007,1427.0,1163.0,81.5
702,Singapore,2008,1427.0,1161.0,81.36
702,Singapore,2009,1427.0,843.72,59.13
702,Singapore,2010,1427.0,978.64,68.58
702,Singapore,2011,1427.0,1034.81,72.52
702,Singapore,2012,1422.0,1019.9,71.72
702,Singapore,2013,1414.0,935.71,66.17
702,Singapore,2014,1514.0,838.97,55.41
702,Singapore,2015,1514.0,900.68,59.49
702,Singapore,2016,1514.0,929.14,61.37
702,Singapore,2017,1514.0,993.59,65.63
702,Singapore,2018,1514.0,984.84,65.05
702,Singapore,2019,1514.0,909.49,60.07
702,Singapore,2020,1514.0,728.2,48.1
702,Singapore,2021,1461.0,739.4,50.61
702,Singapore,2022,1289.0,772.13,59.9
702,Singapore,2023,1289.0,900.68,69.87
702,Singapore,2024,1289.0,959.68,74.45
702,Singapore,2025,1289.0,935.68,72.59
703,Slovakia,1965,68.0,,
703,Slovakia,1966,72.0,,
703,Slovakia,1967,84.0,,
703,Slovakia,1968,94.0,,
703,Slovakia,1969,114.0,,
703,Slovakia,1970,118.0,,
703,Slovakia,1971,145.0,,
703,Slovakia,1972,151.0,,
703,Slovakia,1973,159.0,,
703,Slovakia,1974,159.0,,
703,Slovakia,1975,151.0,,
703,Slovakia,1976,149.0,,
703,Slovakia,1977,143.0,,
703,Slovakia,1978,200.0,,
703,Slovakia,1979,200.0,,
703,Slovakia,1980,200.0,194.79,97.39
703,Slovakia,1981,200.0,180.76,90.38
703,Slovakia,1982,200.0,160.36,80.18
703,Slovakia,1983,200.0,161.56,80.78
703,Slovakia,1984,200.0,159.1,79.55
703,Slovakia,1985,200.0,160.56,80.28
703,Slovakia,1986,200.0,162.75,81.37
703,Slovakia,1987,200.0,165.76,82.88
703,Slovakia,1988,200.0,161.3,80.65
703,Slovakia,1989,200.0,159.85,79.93
703,Slovakia,1990,190.0,126.68,66.67
703,Slovakia,1991,200.0,101.7,50.85
703,Slovakia,1992,200.0,87.66,43.83
703,Slovakia,1993,200.0,85.95,42.98
703,Slovakia,1994,180.0,96.58,53.65
703,Slovakia,1995,150.0,103.78,69.19
703,Slovakia,1996,115.0,105.18,91.46
703,Slovakia,1997,115.0,106.72,92.8
703,Slovakia,1998,115.0,109.45,95.17
703,Slovakia,1999,115.0,109.03,94.81
703,Slovakia,2000,120.0,108.99,90.82
703,Slovakia,2001,122.0,110.29,90.4
703,Slovakia,2002,122.0,112.8,92.46
703,Slovakia,2003,122.0,113.5,93.04
703,Slovakia,2004,122.0,114.42,93.78
703,Slovakia,2005,122.0,109.25,89.55
703,Slovakia,2006,122.0,113.28,92.86
703,Slovakia,2007,122.0,119.59,98.02
703,Slovakia,2008,122.0,117.1,95.98
703,Slovakia,2009,122.0,114.47,93.83
703,Slovakia,2010,122.0,109.51,89.76
703,Slovakia,2011,122.0,120.31,98.62
703,Slovakia,2012,122.0,108.13,88.63
703,Slovakia,2013,122.0,116.3,95.32
703,Slovakia,2014,122.0,104.83,85.93
703,Slovakia,2015,122.0,119.09,97.61
703,Slovakia,2016,122.0,114.92,94.19
703,Slovakia,2017,122.0,111.6,91.47
703,Slovakia,2018,122.0,109.01,89.35
703,Slovakia,2019,122.0,102.62,84.11
703,Slovakia,2020,122.0,111.65,91.52
703,Slovakia,2021,122.0,110.59,90.65
703,Slovakia,2022,122.0,108.34,88.81
703,Slovakia,2023,122.0,104.97,86.04
703,Slovakia,2024,122.0,94.36,77.35
703,Slovakia,2025,122.0,110.0,90.16
704,Vietnam,1978,0.0,,
704,Vietnam,1979,0.0,,
704,Vietnam,1980,0.0,0.0,
704,Vietnam,1981,0.0,0.0,
704,Vietnam,1982,0.0,0.0,
704,Vietnam,1983,0.0,0.0,
704,Vietnam,1984,0.0,0.0,
704,Vietnam,1985,0.0,0.0,
704,Vietnam,1986,0.0,0.0,
704,Vietnam,1987,0.0,0.0,
704,Vietnam,1988,1.0,0.76,76.1
704,Vietnam,1989,1.0,0.76,76.31
704,Vietnam,1990,1.0,0.76,76.31
704,Vietnam,1991,1.0,0.76,76.31
704,Vietnam,1992,1.0,0.76,76.1
704,Vietnam,1993,1.0,0.0,0.0
704,Vietnam,1994,1.0,0.0,0.0
704,Vietnam,1995,1.0,0.0,0.0
704,Vietnam,1996,1.0,0.0,0.0
704,Vietnam,1997,1.0,0.0,0.0
704,Vietnam,1998,3.0,2.41,80.33
704,Vietnam,1999,8.0,6.43,80.33
704,Vietnam,2000,8.0,7.61,95.13
704,Vietnam,2001,8.0,6.43,80.33
704,Vietnam,2002,8.0,6.43,80.33
704,Vietnam,2003,8.0,3.01,37.65
704,Vietnam,2004,11.0,8.01,72.83
704,Vietnam,2005,11.0,9.04,82.15
704,Vietnam,2006,11.0,9.04,82.15
704,Vietnam,2007,14.0,10.04,71.72
704,Vietnam,2008,14.0,10.01,71.53
704,Vietnam,2009,162.0,28.12,17.35
704,Vietnam,2010,162.0,120.69,74.5
704,Vietnam,2011,159.0,136.96,86.14
704,Vietnam,2012,159.0,125.72,79.07
704,Vietnam,2013,159.0,147.85,92.99
704,Vietnam,2014,159.0,128.59,80.88
704,Vietnam,2015,159.0,155.39,97.73
704,Vietnam,2016,163.0,155.04,95.12
704,Vietnam,2017,167.0,141.21,84.55
704,Vietnam,2018,367.0,220.83,60.17
704,Vietnam,2019,367.0,276.48,75.33
704,Vietnam,2020,367.0,276.1,75.23
704,Vietnam,2021,367.0,307.6,83.81
704,Vietnam,2022,367.0,355.56,96.88
704,Vietnam,2023,367.0,326.82,89.05
704,Vietnam,2024,367.0,385.02,104.91
704,Vietnam,2025,367.0,384.0,104.63
710,South Africa,1965,305.0,,
710,South Africa,1966,395.0,,
710,South Africa,1967,395.0,,
710,South Africa,1968,395.0,,
710,South Africa,1969,395.0,,
710,South Africa,1970,395.0,,
710,South Africa,1971,473.0,,
710,South Africa,1972,473.0,,
710,South Africa,1973,473.0,,
710,South Africa,1974,473.0,,
710,South Africa,1975,473.0,,
710,South Africa,1976,473.0,,
710,South Africa,1977,473.0,,
710,South Africa,1978,473.0,,
710,South Africa,1979,491.0,,
710,South Africa,1980,491.0,252.18,51.36
710,South Africa,1981,491.0,255.79,52.1
710,South Africa,1982,491.0,260.71,53.1
710,South Africa,1983,388.0,237.07,61.1
710,South Africa,1984,324.0,245.43,75.75
710,South Africa,1985,324.0,231.77,71.53
710,South Africa,1986,324.0,221.06,68.23
710,South Africa,1987,324.0,233.33,72.02
710,South Africa,1988,324.0,257.07,79.34
710,South Africa,1989,324.0,255.73,78.93
710,South Africa,1990,324.0,275.87,85.14
710,South Africa,1991,324.0,278.82,86.06
710,South Africa,1992,324.0,258.51,79.79
710,South Africa,1993,380.0,268.98,70.78
710,South Africa,1994,451.0,285.41,63.28
710,South Africa,1995,461.0,336.2,72.93
710,South Africa,1996,464.0,320.66,69.11
710,South Africa,1997,466.0,438.57,94.11
710,South Africa,1998,466.0,335.45,71.99
710,South Africa,1999,476.0,355.09,74.6
710,South Africa,2000,481.0,366.72,76.24
710,South Africa,2001,486.0,450.72,92.74
710,South Africa,2002,505.0,464.28,91.94
710,South Africa,2003,514.0,454.44,88.41
710,South Africa,2004,517.0,424.6,82.13
710,South Africa,2005,520.0,466.52,89.71
710,South Africa,2006,520.0,397.34,76.41
710,South Africa,2007,520.0,400.27,76.98
710,South Africa,2008,520.0,417.12,80.22
710,South Africa,2009,520.0,397.63,76.47
710,South Africa,2010,520.0,399.55,76.84
710,South Africa,2011,520.0,392.9,75.56
710,South Africa,2012,520.0,412.71,79.37
710,South Africa,2013,520.0,421.95,81.14
710,South Africa,2014,520.0,439.63,84.54
710,South Africa,2015,520.0,452.62,87.04
710,South Africa,2016,510.0,474.41,93.02
710,South Africa,2017,510.0,447.23,87.69
710,South Africa,2018,510.0,455.05,89.23
710,South Africa,2019,510.0,444.64,87.18
710,South Africa,2020,499.0,217.3,43.55
710,South Africa,2021,385.0,117.84,30.61
710,South Africa,2022,253.0,125.65,49.67
710,South Africa,2023,209.0,115.89,55.45
710,South Africa,2024,209.0,116.16,55.58
710,South Africa,2025,209.0,118.06,56.49
724,Spain,1965,311.0,,
724,Spain,1966,341.0,,
724,Spain,1967,482.0,,
724,Spain,1968,511.0,,
724,Spain,1969,723.0,,
724,Spain,1970,894.0,,
724,Spain,1971,894.0,,
724,Spain,1972,894.0,,
724,Spain,1973,894.0,,
724,Spain,1974,964.0,,
724,Spain,1975,994.0,,
724,Spain,1976,1212.0,,
724,Spain,1977,1275.0,,
724,Spain,1978,1362.0,,
724,Spain,1979,1372.0,,
724,Spain,1980,1392.0,981.76,70.53
724,Spain,1981,1422.0,938.22,65.98
724,Spain,1982,1427.0,897.31,62.88
724,Spain,1983,1402.0,894.5,63.8
724,Spain,1984,1372.0,870.69,63.46
724,Spain,1985,1312.0,895.32,68.24
724,Spain,1986,1312.0,975.75,74.37
724,Spain,1987,1312.0,931.53,71.0
724,Spain,1988,1312.0,982.76,74.91
724,Spain,1989,1287.0,1002.4,77.89
724,Spain,1990,1267.0,1016.76,80.25
724,Spain,1991,1272.0,1060.22,83.35
724,Spain,1992,1272.0,1100.3,86.5
724,Spain,1993,1277.0,1044.29,81.78
724,Spain,1994,1282.0,1101.73,85.94
724,Spain,1995,1308.0,1109.64,84.83
724,Spain,1996,1324.0,1095.35,82.73
724,Spain,1997,1312.0,1115.2,85.0
724,Spain,1998,1312.0,1200.37,91.49
724,Spain,1999,1326.0,1180.75,89.05
724,Spain,2000,1330.0,1143.48,85.98
724,Spain,2001,1330.0,1131.61,85.08
724,Spain,2002,1330.0,1133.96,85.26
724,Spain,2003,1347.0,1149.08,85.31
724,Spain,2004,1372.0,1199.04,87.39
724,Spain,2005,1377.0,1194.85,86.77
724,Spain,2006,1361.57,1210.33,88.89
724,Spain,2007,1361.57,1158.82,85.11
724,Spain,2008,1361.57,1173.8,86.21
724,Spain,2009,1361.57,1057.35,77.66
724,Spain,2010,1421.42,1060.22,74.59
724,Spain,2011,1541.91,1050.62,68.14
724,Spain,2012,1546.33,1186.28,76.72
724,Spain,2013,1546.33,1167.62,75.51
724,Spain,2014,1546.33,1185.29,76.65
724,Spain,2015,1562.39,1305.97,83.59
724,Spain,2016,1562.39,1301.54,83.3
724,Spain,2017,1562.39,1326.19,84.88
724,Spain,2018,1564.2,1363.44,87.17
724,Spain,2019,1586.49,1318.36,83.1
724,Spain,2020,1586.49,1104.59,69.62
724,Spain,2021,1590.51,1143.12,71.87
724,Spain,2022,1590.51,1275.02,80.16
724,Spain,2023,1590.51,1242.8,78.14
724,Spain,2024,1590.51,1288.49,81.01
724,Spain,2025,1532.0,1279.72,83.53
752,Sweden,1965,98.0,,
752,Sweden,1966,153.0,,
752,Sweden,1967,153.0,,
752,Sweden,1968,253.0,,
752,Sweden,1969,253.0,,
752,Sweden,1970,253.0,,
752,Sweden,1971,253.0,,
752,Sweden,1972,253.0,,
752,Sweden,1973,253.0,,
752,Sweden,1974,253.0,,
752,Sweden,1975,253.0,,
752,Sweden,1976,420.0,,
752,Sweden,1977,420.0,,
752,Sweden,1978,426.0,,
752,Sweden,1979,441.0,,
752,Sweden,1980,471.0,344.0,73.04
752,Sweden,1981,471.0,282.0,59.87
752,Sweden,1982,451.0,261.0,57.87
752,Sweden,1983,451.0,283.0,62.75
752,Sweden,1984,444.0,282.0,63.51
752,Sweden,1985,439.0,277.0,63.1
752,Sweden,1986,439.0,370.0,84.28
752,Sweden,1987,439.0,327.0,74.49
752,Sweden,1988,439.0,303.0,69.02
752,Sweden,1989,436.0,335.69,76.99
752,Sweden,1990,436.0,348.37,79.9
752,Sweden,1991,436.0,335.45,76.94
752,Sweden,1992,436.0,347.85,79.78
752,Sweden,1993,436.0,366.88,84.15
752,Sweden,1994,436.0,361.04,82.81
752,Sweden,1995,436.0,365.32,83.79
752,Sweden,1996,436.0,396.56,90.95
752,Sweden,1997,436.0,415.58,95.32
752,Sweden,1998,436.0,406.99,93.35
752,Sweden,1999,436.0,402.05,92.21
752,Sweden,2000,454.0,412.34,90.82
752,Sweden,2001,454.0,405.04,89.22
752,Sweden,2002,454.0,386.48,85.13
752,Sweden,2003,454.0,403.79,88.94
752,Sweden,2004,454.0,424.38,93.48
752,Sweden,2005,454.0,412.57,90.87
752,Sweden,2006,454.0,415.46,91.51
752,Sweden,2007,454.0,368.79,81.23
752,Sweden,2008,454.0,413.2,91.01
752,Sweden,2009,454.0,394.39,86.87
752,Sweden,2010,454.0,406.18,89.47
752,Sweden,2011,454.0,374.41,82.47
752,Sweden,2012,454.0,416.87,91.82
752,Sweden,2013,454.0,331.92,73.11
752,Sweden,2014,454.0,379.51,83.59
752,Sweden,2015,454.0,401.28,88.39
752,Sweden,2016,454.0,394.96,87.0
752,Sweden,2017,454.0,391.5,86.23
752,Sweden,2018,454.0,405.52,89.32
752,Sweden,2019,454.0,336.72,74.17
752,Sweden,2020,454.0,348.7,76.81
752,Sweden,2021,454.0,366.46,80.72
752,Sweden,2022,472.0,369.03,78.18
752,Sweden,2023,472.0,352.32,74.64
752,Sweden,2024,472.0,358.61,75.98
752,Sweden,2025,472.0,343.06,72.68
756,Switzerland,1965,42.75,,
756,Switzerland,1966,93.0,,
756,Switzerland,1967,97.5,,
756,Switzerland,1968,97.5,,
756,Switzerland,1969,103.45,,
756,Switzerland,1970,99.4,,
756,Switzerland,1971,102.25,,
756,Switzerland,1972,120.0,,
756,Switzerland,1973,140.0,,
756,Switzerland,1974,138.0,,
756,Switzerland,1975,138.0,,
756,Switzerland,1976,137.0,,
756,Switzerland,1977,137.0,,
756,Switzerland,1978,132.0,,
756,Switzerland,1979,132.0,,
756,Switzerland,1980,132.0,89.0,67.42
756,Switzerland,1981,132.0,78.0,59.09
756,Switzerland,1982,132.0,77.0,58.33
756,Switzerland,1983,132.0,82.0,62.12
756,Switzerland,1984,132.0,79.0,59.85
756,Switzerland,1985,132.0,82.0,62.12
756,Switzerland,1986,132.0,84.0,63.64
756,Switzerland,1987,132.0,81.0,61.36
756,Switzerland,1988,132.0,78.0,59.09
756,Switzerland,1989,60.0,60.0,100.0
756,Switzerland,1990,80.0,62.0,77.5
756,Switzerland,1991,132.0,95.0,71.97
756,Switzerland,1992,132.0,86.0,65.15
756,Switzerland,1993,132.0,96.0,72.73
756,Switzerland,1994,132.0,98.0,74.24
756,Switzerland,1995,132.0,94.0,71.21
756,Switzerland,1996,132.0,107.0,81.06
756,Switzerland,1997,132.0,100.0,75.76
756,Switzerland,1998,132.0,102.0,77.27
756,Switzerland,1999,132.0,103.0,78.03
756,Switzerland,2000,132.0,93.0,70.45
756,Switzerland,2001,132.0,99.0,75.0
756,Switzerland,2002,132.0,99.0,75.0
756,Switzerland,2003,136.0,90.65,66.66
756,Switzerland,2004,140.0,101.9,72.79
756,Switzerland,2005,140.0,95.97,68.55
756,Switzerland,2006,140.0,109.13,77.95
756,Switzerland,2007,140.0,93.86,67.05
756,Switzerland,2008,140.0,100.54,71.81
756,Switzerland,2009,140.0,95.35,68.11
756,Switzerland,2010,140.0,90.15,64.39
756,Switzerland,2011,140.0,87.28,62.34
756,Switzerland,2012,106.0,67.99,64.14
756,Switzerland,2013,140.0,97.34,69.53
756,Switzerland,2014,140.0,98.18,70.13
756,Switzerland,2015,68.0,56.29,82.78
756,Switzerland,2016,68.0,58.72,86.35
756,Switzerland,2017,68.0,57.25,84.2
756,Switzerland,2018,68.0,60.51,88.98
756,Switzerland,2019,68.0,54.68,80.42
756,Switzerland,2020,68.0,56.36,82.88
756,Switzerland,2021,68.0,45.97,67.6
756,Switzerland,2022,68.0,60.77,89.37
756,Switzerland,2023,68.0,56.57,83.19
756,Switzerland,2024,68.0,51.01,75.01
756,Switzerland,2025,68.0,60.0,88.24
764,Thailand,1965,45.0,,
764,Thailand,1966,45.0,,
764,Thailand,1967,45.0,,
764,Thailand,1968,45.0,,
764,Thailand,1969,63.0,,
764,Thailand,1970,122.0,,
764,Thailand,1971,122.0,,
764,Thailand,1972,153.0,,
764,Thailand,1973,153.0,,
764,Thailand,1974,153.0,,
764,Thailand,1975,153.0,,
764,Thailand,1976,153.0,,
764,Thailand,1977,153.0,,
764,Thailand,1978,166.0,,
764,Thailand,1979,171.0,,
764,Thailand,1980,177.0,155.0,87.57
764,Thailand,1981,177.0,160.0,90.4
764,Thailand,1982,177.0,159.0,89.83
764,Thailand,1983,177.0,165.0,93.22
764,Thailand,1984,177.0,160.0,90.4
764,Thailand,1985,166.0,164.0,98.8
764,Thailand,1986,179.0,172.38,96.3
764,Thailand,1987,179.0,176.6,98.66
764,Thailand,1988,179.0,181.64,101.47
764,Thailand,1989,222.28,212.89,95.78
764,Thailand,1990,222.28,220.37,99.14
764,Thailand,1991,222.28,227.48,102.34
764,Thailand,1992,409.7,292.39,71.37
764,Thailand,1993,449.9,356.35,79.21
764,Thailand,1994,476.7,411.07,86.23
764,Thailand,1995,476.7,484.79,101.7
764,Thailand,1996,817.5,658.88,80.6
764,Thailand,1997,866.5,767.46,88.57
764,Thailand,1998,883.5,722.67,81.8
764,Thailand,1999,898.5,728.66,81.1
764,Thailand,2000,898.5,729.23,81.16
764,Thailand,2001,1063.5,743.64,69.92
764,Thailand,2002,1067.5,775.7,72.66
764,Thailand,2003,1067.5,829.72,77.73
764,Thailand,2004,1067.5,902.32,84.53
764,Thailand,2005,1077.5,892.31,82.81
764,Thailand,2006,1099.5,907.42,82.53
764,Thailand,2007,1099.5,892.22,81.15
764,Thailand,2008,1164.5,902.03,77.46
764,Thailand,2009,1235.5,914.14,73.99
764,Thailand,2010,1229.5,953.39,77.54
764,Thailand,2011,1229.5,929.14,75.57
764,Thailand,2012,1229.5,971.68,79.03
764,Thailand,2013,1236.5,1016.96,82.25
764,Thailand,2014,1251.5,960.95,76.78
764,Thailand,2015,1251.5,1066.31,85.2
764,Thailand,2016,1234.5,1022.43,82.82
764,Thailand,2017,1234.5,1064.43,86.22
764,Thailand,2018,1234.5,1093.21,88.56
764,Thailand,2019,1234.5,989.72,80.17
764,Thailand,2020,1244.5,981.75,78.89
764,Thailand,2021,1244.5,976.17,78.44
764,Thailand,2022,1244.5,1020.89,82.03
764,Thailand,2023,1243.6,1054.17,84.77
764,Thailand,2024,1241.5,1084.95,87.39
764,Thailand,2025,1242.0,1074.0,86.47
780,Trinidad & Tobago,1965,341.0,,
780,Trinidad & Tobago,1966,390.0,,
780,Trinidad & Tobago,1967,405.0,,
780,Trinidad & Tobago,1968,430.0,,
780,Trinidad & Tobago,1969,433.0,,
780,Trinidad & Tobago,1970,436.0,,
780,Trinidad & Tobago,1971,436.0,,
780,Trinidad & Tobago,1972,450.0,,
780,Trinidad & Tobago,1973,450.0,,
780,Trinidad & Tobago,1974,456.0,,
780,Trinidad & Tobago,1975,456.0,,
780,Trinidad & Tobago,1976,456.0,,
780,Trinidad & Tobago,1977,456.0,,
780,Trinidad & Tobago,1978,436.0,,
780,Trinidad & Tobago,1979,436.0,,
780,Trinidad & Tobago,1980,436.0,231.24,53.04
780,Trinidad & Tobago,1981,436.0,173.73,39.85
780,Trinidad & Tobago,1982,410.0,162.97,39.75
780,Trinidad & Tobago,1983,355.0,81.01,22.82
780,Trinidad & Tobago,1984,310.0,79.41,25.62
780,Trinidad & Tobago,1985,300.0,83.86,27.95
780,Trinidad & Tobago,1986,300.0,84.79,28.26
780,Trinidad & Tobago,1987,300.0,88.8,29.6
780,Trinidad & Tobago,1988,300.0,88.28,29.43
780,Trinidad & Tobago,1989,300.0,80.05,26.68
780,Trinidad & Tobago,1990,273.0,95.27,34.9
780,Trinidad & Tobago,1991,240.0,110.87,46.2
780,Trinidad & Tobago,1992,240.0,118.9,49.54
780,Trinidad & Tobago,1993,240.0,109.85,45.77
780,Trinidad & Tobago,1994,240.0,108.68,45.29
780,Trinidad & Tobago,1995,240.0,105.03,43.76
780,Trinidad & Tobago,1996,240.0,113.61,47.34
780,Trinidad & Tobago,1997,240.0,102.54,42.72
780,Trinidad & Tobago,1998,240.0,143.95,59.98
780,Trinidad & Tobago,1999,160.0,154.43,96.52
780,Trinidad & Tobago,2000,160.0,161.09,100.68
780,Trinidad & Tobago,2001,160.0,153.36,95.85
780,Trinidad & Tobago,2002,160.0,150.49,94.06
780,Trinidad & Tobago,2003,160.0,148.18,92.61
780,Trinidad & Tobago,2004,160.0,130.7,81.69
780,Trinidad & Tobago,2005,160.0,164.62,102.89
780,Trinidad & Tobago,2006,160.0,152.33,95.21
780,Trinidad & Tobago,2007,160.0,153.79,96.12
780,Trinidad & Tobago,2008,160.0,149.94,93.71
780,Trinidad & Tobago,2009,160.0,151.82,94.89
780,Trinidad & Tobago,2010,160.0,126.48,79.05
780,Trinidad & Tobago,2011,170.0,137.25,80.74
780,Trinidad & Tobago,2012,175.0,106.72,60.98
780,Trinidad & Tobago,2013,175.0,131.99,75.42
780,Trinidad & Tobago,2014,175.0,104.69,59.82
780,Trinidad & Tobago,2015,175.0,125.39,71.65
780,Trinidad & Tobago,2016,175.0,148.24,84.71
780,Trinidad & Tobago,2017,175.0,130.74,74.71
780,Trinidad & Tobago,2018,175.0,98.72,56.41
780,Trinidad & Tobago,2019,175.0,0.0,0.0
780,Trinidad & Tobago,2020,175.0,0.0,0.0
780,Trinidad & Tobago,2021,0.0,0.0,
780,Trinidad & Tobago,2022,0.0,0.0,
780,Trinidad & Tobago,2023,0.0,0.0,
780,Trinidad & Tobago,2024,0.0,0.0,
780,Trinidad & Tobago,2025,0.0,0.0,
784,United Arab Emirates,1965,0.0,,
784,United Arab Emirates,1966,0.0,,
784,United Arab Emirates,1967,0.0,,
784,United Arab Emirates,1968,0.0,,
784,United Arab Emirates,1969,0.0,,
784,United Arab Emirates,1970,0.0,,
784,United Arab Emirates,1971,0.0,,
784,United Arab Emirates,1972,0.0,,
784,United Arab Emirates,1973,0.0,,
784,United Arab Emirates,1974,0.0,,
784,United Arab Emirates,1975,0.0,,
784,United Arab Emirates,1976,15.0,,
784,United Arab Emirates,1977,15.0,,
784,United Arab Emirates,1978,15.0,,
784,United Arab Emirates,1979,15.0,,
784,United Arab Emirates,1980,15.0,11.8,78.64
784,United Arab Emirates,1981,135.0,56.15,41.59
784,United Arab Emirates,1982,135.0,83.36,61.75
784,United Arab Emirates,1983,184.0,109.75,59.65
784,United Arab Emirates,1984,195.0,141.75,72.69
784,United Arab Emirates,1985,180.0,164.55,91.42
784,United Arab Emirates,1986,180.0,184.92,102.73
784,United Arab Emirates,1987,180.0,184.62,102.56
784,United Arab Emirates,1988,180.0,184.61,102.56
784,United Arab Emirates,1989,180.0,188.85,104.92
784,United Arab Emirates,1990,185.0,198.45,107.27
784,United Arab Emirates,1991,192.0,201.81,105.11
784,United Arab Emirates,1992,202.0,197.69,97.87
784,United Arab Emirates,1993,215.0,194.15,90.3
784,United Arab Emirates,1994,220.0,214.58,97.54
784,United Arab Emirates,1995,220.0,221.65,100.75
784,United Arab Emirates,1996,273.0,234.74,85.99
784,United Arab Emirates,1997,279.0,266.39,95.48
784,United Arab Emirates,1998,235.0,238.98,101.69
784,United Arab Emirates,1999,431.0,248.48,57.65
784,United Arab Emirates,2000,668.0,315.0,47.16
784,United Arab Emirates,2001,674.0,552.97,82.04
784,United Arab Emirates,2002,711.0,591.17,83.15
784,United Arab Emirates,2003,645.0,581.24,90.12
784,United Arab Emirates,2004,711.0,574.05,80.74
784,United Arab Emirates,2005,711.0,604.35,85.0
784,United Arab Emirates,2006,711.0,591.98,83.26
784,United Arab Emirates,2007,663.0,529.48,79.86
784,United Arab Emirates,2008,682.0,492.58,72.23
784,United Arab Emirates,2009,702.0,492.0,70.09
784,United Arab Emirates,2010,702.0,571.0,81.34
784,United Arab Emirates,2011,707.0,635.0,89.82
784,United Arab Emirates,2012,712.0,638.0,89.61
784,United Arab Emirates,2013,712.0,650.0,91.29
784,United Arab Emirates,2014,728.0,643.0,88.32
784,United Arab Emirates,2015,1149.0,1098.0,95.56
784,United Arab Emirates,2016,1149.0,1078.0,93.82
784,United Arab Emirates,2017,1189.0,1119.0,94.11
784,United Arab Emirates,2018,1229.0,1096.0,89.18
784,United Arab Emirates,2019,1251.0,1037.0,82.89
784,United Arab Emirates,2020,1325.0,935.9,70.63
784,United Arab Emirates,2021,1309.0,1062.5,81.17
784,United Arab Emirates,2022,1246.0,954.1,76.57
784,United Arab Emirates,2023,1246.0,979.12,78.58
784,United Arab Emirates,2024,1258.0,976.71,77.64
784,United Arab Emirates,2025,1258.0,994.0,79.01
792,Turkiye,1965,96.0,,
792,Turkiye,1966,96.0,,
792,Turkiye,1967,120.0,,
792,Turkiye,1968,120.0,,
792,Turkiye,1969,204.0,,
792,Turkiye,1970,204.0,,
792,Turkiye,1971,204.0,,
792,Turkiye,1972,280.0,,
792,Turkiye,1973,281.0,,
792,Turkiye,1974,281.0,,
792,Turkiye,1975,281.0,,
792,Turkiye,1976,280.0,,
792,Turkiye,1977,311.0,,
792,Turkiye,1978,320.0,,
792,Turkiye,1979,350.0,,
792,Turkiye,1980,366.0,256.0,69.95
792,Turkiye,1981,366.0,260.0,71.04
792,Turkiye,1982,466.0,301.0,64.59
792,Turkiye,1983,466.0,313.0,67.17
792,Turkiye,1984,466.0,312.0,66.95
792,Turkiye,1985,466.0,335.0,71.89
792,Turkiye,1986,579.0,368.0,63.56
792,Turkiye,1987,703.0,442.0,62.87
792,Turkiye,1988,703.0,501.0,71.27
792,Turkiye,1989,703.0,438.0,62.3
792,Turkiye,1990,703.0,462.0,65.72
792,Turkiye,1991,708.0,453.0,63.98
792,Turkiye,1992,713.0,468.0,65.64
792,Turkiye,1993,713.0,516.0,72.37
792,Turkiye,1994,713.0,503.0,70.55
792,Turkiye,1995,713.0,550.0,77.14
792,Turkiye,1996,713.0,530.0,74.33
792,Turkiye,1997,713.0,543.0,76.16
792,Turkiye,1998,713.0,535.0,75.04
792,Turkiye,1999,713.0,526.0,73.77
792,Turkiye,2000,713.0,485.0,68.02
792,Turkiye,2001,713.0,519.0,72.79
792,Turkiye,2002,713.0,525.0,73.63
792,Turkiye,2003,713.0,534.79,75.01
792,Turkiye,2004,613.0,524.68,85.59
792,Turkiye,2005,613.0,520.41,84.9
792,Turkiye,2006,613.0,530.45,86.53
792,Turkiye,2007,613.0,517.78,84.47
792,Turkiye,2008,613.0,490.01,79.94
792,Turkiye,2009,613.0,374.59,61.11
792,Turkiye,2010,613.0,391.62,63.89
792,Turkiye,2011,596.0,394.23,66.15
792,Turkiye,2012,596.0,398.18,66.81
792,Turkiye,2013,596.0,420.8,70.6
792,Turkiye,2014,596.0,406.28,68.17
792,Turkiye,2015,596.0,525.51,88.17
792,Turkiye,2016,596.0,531.49,89.18
792,Turkiye,2017,596.0,541.52,90.86
792,Turkiye,2018,818.0,472.33,57.74
792,Turkiye,2019,822.0,673.05,81.88
792,Turkiye,2020,822.0,654.83,79.66
792,Turkiye,2021,809.0,691.85,85.52
792,Turkiye,2022,797.0,736.39,92.4
792,Turkiye,2023,797.0,725.95,91.09
792,Turkiye,2024,801.0,698.57,87.21
792,Turkiye,2025,801.0,700.0,87.39
795,Turkmenistan,1980,130.0,,
795,Turkmenistan,1981,130.0,,
795,Turkmenistan,1982,170.7,,
795,Turkmenistan,1983,170.7,,
795,Turkmenistan,1984,170.7,,
795,Turkmenistan,1985,170.7,,
795,Turkmenistan,1986,170.7,,
795,Turkmenistan,1987,170.7,,
795,Turkmenistan,1988,170.7,,
795,Turkmenistan,1989,170.7,,
795,Turkmenistan,1990,170.7,84.35,49.41
795,Turkmenistan,1991,251.03,114.87,45.76
795,Turkmenistan,1992,251.03,102.94,41.01
795,Turkmenistan,1993,251.03,76.93,30.65
795,Turkmenistan,1994,251.03,75.89,30.23
795,Turkmenistan,1995,251.03,70.29,28.0
795,Turkmenistan,1996,251.03,78.61,31.31
795,Turkmenistan,1997,251.03,89.35,35.59
795,Turkmenistan,1998,251.03,104.81,41.75
795,Turkmenistan,1999,251.03,113.67,45.28
795,Turkmenistan,2000,251.03,111.77,44.53
795,Turkmenistan,2001,251.03,108.68,43.3
795,Turkmenistan,2002,251.03,124.51,49.6
795,Turkmenistan,2003,251.03,141.26,56.27
795,Turkmenistan,2004,251.03,141.21,56.25
795,Turkmenistan,2005,251.03,140.78,56.08
795,Turkmenistan,2006,251.03,136.96,54.56
795,Turkmenistan,2007,251.03,144.39,57.52
795,Turkmenistan,2008,251.03,148.2,59.04
795,Turkmenistan,2009,251.03,151.64,60.41
795,Turkmenistan,2010,251.03,170.3,67.84
795,Turkmenistan,2011,251.03,163.97,65.32
795,Turkmenistan,2012,251.03,156.27,62.25
795,Turkmenistan,2013,251.03,145.62,58.01
795,Turkmenistan,2014,251.03,136.44,54.35
795,Turkmenistan,2015,271.11,126.61,46.7
795,Turkmenistan,2016,271.11,117.97,43.51
795,Turkmenistan,2017,271.11,124.74,46.01
795,Turkmenistan,2018,271.11,117.46,43.33
795,Turkmenistan,2019,271.11,122.2,45.07
795,Turkmenistan,2020,271.11,118.09,43.56
795,Turkmenistan,2021,320.0,130.0,40.62
795,Turkmenistan,2022,320.0,130.0,40.62
795,Turkmenistan,2023,320.0,130.0,40.62
795,Turkmenistan,2024,320.0,130.0,40.62
795,Turkmenistan,2025,320.0,161.8,50.56
804,Ukraine,1980,1133.0,,
804,Ukraine,1981,1133.0,,
804,Ukraine,1982,1133.0,,
804,Ukraine,1983,1293.0,,
804,Ukraine,1984,1293.0,,
804,Ukraine,1985,1293.0,,
804,Ukraine,1986,1293.0,,
804,Ukraine,1987,1293.0,,
804,Ukraine,1988,1293.0,,
804,Ukraine,1989,1293.0,,
804,Ukraine,1990,1233.0,1171.84,95.04
804,Ukraine,1991,1233.0,1096.49,88.93
804,Ukraine,1992,1233.0,767.05,62.21
804,Ukraine,1993,1233.0,471.93,38.28
804,Ukraine,1994,1083.0,393.61,36.34
804,Ukraine,1995,1083.0,338.43,31.25
804,Ukraine,1996,1083.0,269.91,24.92
804,Ukraine,1997,1083.0,257.72,23.8
804,Ukraine,1998,1083.0,268.16,24.76
804,Ukraine,1999,1083.0,221.03,20.41
804,Ukraine,2000,891.0,182.13,20.44
804,Ukraine,2001,891.0,323.61,36.32
804,Ukraine,2002,859.0,404.7,47.11
804,Ukraine,2003,799.0,440.12,55.08
804,Ukraine,2004,799.0,440.49,55.13
804,Ukraine,2005,709.0,368.55,51.98
804,Ukraine,2006,733.0,288.87,39.41
804,Ukraine,2007,734.0,279.36,38.06
804,Ukraine,2008,726.0,243.13,33.49
804,Ukraine,2009,742.0,255.36,34.42
804,Ukraine,2010,686.0,248.96,36.29
804,Ukraine,2011,700.0,205.59,29.37
804,Ukraine,2012,314.0,107.98,34.39
804,Ukraine,2013,272.0,84.99,31.25
804,Ukraine,2014,258.0,69.2,26.82
804,Ukraine,2015,250.0,63.95,25.58
804,Ukraine,2016,250.0,64.28,25.71
804,Ukraine,2017,250.0,76.69,30.68
804,Ukraine,2018,250.0,92.04,36.81
804,Ukraine,2019,250.0,94.04,37.62
804,Ukraine,2020,250.0,96.79,38.72
804,Ukraine,2021,250.0,64.0,25.6
804,Ukraine,2022,250.0,10.0,4.0
804,Ukraine,2023,10.0,0.0,0.0
804,Ukraine,2024,10.0,0.0,0.0
804,Ukraine,2025,10.0,0.0,0.0
810,USSR,1965,4518.49,,
810,USSR,1966,4779.56,,
810,USSR,1967,5060.71,,
810,USSR,1968,5341.86,,
810,USSR,1969,5623.01,,
810,USSR,1970,6104.99,,
810,USSR,1971,6526.71,,
810,USSR,1972,6827.95,,
810,USSR,1973,7229.59,,
810,USSR,1974,8032.88,,
810,USSR,1975,8434.52,,
810,USSR,1976,9036.99,,
810,USSR,1977,9840.27,,
810,USSR,1978,9762.0,,
810,USSR,1979,9942.0,,
810,USSR,1980,,9388.81,
810,USSR,1981,,9429.59,
810,USSR,1982,,9444.65,
810,USSR,1983,,9459.72,
810,USSR,1984,,9448.89,
810,USSR,1985,,9489.82,
810,USSR,1986,,9637.38,
810,USSR,1987,,9730.75,
810,USSR,1988,,9533.01,
810,USSR,1989,,9547.07,
818,Egypt,1965,180.74,,
818,Egypt,1966,180.74,,
818,Egypt,1967,136.16,,
818,Egypt,1968,130.53,,
818,Egypt,1969,80.33,,
818,Egypt,1970,175.4,,
818,Egypt,1971,175.4,,
818,Egypt,1972,175.4,,
818,Egypt,1973,175.4,,
818,Egypt,1974,175.4,,
818,Egypt,1975,200.82,,
818,Egypt,1976,222.91,,
818,Egypt,1977,293.2,,
818,Egypt,1978,314.0,,
818,Egypt,1979,314.0,,
818,Egypt,1980,324.0,277.06,85.51
818,Egypt,1981,361.0,302.66,83.84
818,Egypt,1982,386.0,337.58,87.46
818,Egypt,1983,386.0,364.21,94.36
818,Egypt,1984,433.0,391.35,90.38
818,Egypt,1985,433.0,406.02,93.77
818,Egypt,1986,443.0,424.5,95.82
818,Egypt,1987,523.0,450.42,86.12
818,Egypt,1988,576.0,450.07,78.14
818,Egypt,1989,583.0,463.04,79.42
818,Egypt,1990,583.0,488.74,83.83
818,Egypt,1991,583.0,498.52,85.51
818,Egypt,1992,592.0,485.82,82.06
818,Egypt,1993,633.0,514.12,81.22
818,Egypt,1994,633.0,532.34,84.1
818,Egypt,1995,633.0,548.3,86.62
818,Egypt,1996,645.0,567.03,87.91
818,Egypt,1997,645.0,575.33,89.2
818,Egypt,1998,645.0,588.41,91.23
818,Egypt,1999,645.0,574.75,89.11
818,Egypt,2000,654.0,497.42,76.06
818,Egypt,2001,770.0,578.61,75.14
818,Egypt,2002,810.0,576.62,71.19
818,Egypt,2003,810.0,597.51,73.77
818,Egypt,2004,810.0,625.41,77.21
818,Egypt,2005,810.0,633.05,78.15
818,Egypt,2006,810.0,630.62,77.85
818,Egypt,2007,810.0,653.25,80.65
818,Egypt,2008,810.0,616.98,76.17
818,Egypt,2009,810.0,597.87,73.81
818,Egypt,2010,810.0,579.71,71.57
818,Egypt,2011,810.0,523.32,64.61
818,Egypt,2012,810.0,533.91,65.91
818,Egypt,2013,810.0,514.06,63.46
818,Egypt,2014,810.0,530.45,65.49
818,Egypt,2015,810.0,530.17,65.45
818,Egypt,2016,810.0,508.69,62.8
818,Egypt,2017,810.0,508.08,62.73
818,Egypt,2018,812.0,522.36,64.33
818,Egypt,2019,812.0,565.33,69.62
818,Egypt,2020,812.0,605.25,74.54
818,Egypt,2021,812.0,599.75,73.86
818,Egypt,2022,812.0,628.57,77.41
818,Egypt,2023,812.0,534.53,65.83
818,Egypt,2024,842.0,517.11,61.41
818,Egypt,2025,872.0,530.1,60.79
826,United Kingdom,1965,1474.0,,
826,United Kingdom,1966,1683.0,,
826,United Kingdom,1967,1731.0,,
826,United Kingdom,1968,1957.0,,
826,United Kingdom,1969,2195.0,,
826,United Kingdom,1970,2305.0,,
826,United Kingdom,1971,2450.0,,
826,United Kingdom,1972,2487.0,,
826,United Kingdom,1973,2852.0,,
826,United Kingdom,1974,2984.0,,
826,United Kingdom,1975,2940.0,,
826,United Kingdom,1976,2916.0,,
826,United Kingdom,1977,2801.0,,
826,United Kingdom,1978,2681.0,,
826,United Kingdom,1979,2677.0,,
826,United Kingdom,1980,2614.0,1624.98,62.16
826,United Kingdom,1981,2518.0,1447.06,57.47
826,United Kingdom,1982,2281.0,1363.12,59.76
826,United Kingdom,1983,2022.0,1354.34,66.98
826,United Kingdom,1984,1919.0,1384.17,72.13
826,United Kingdom,1985,1864.0,1383.18,74.2
826,United Kingdom,1986,1805.0,1395.81,77.33
826,United Kingdom,1987,1823.0,1398.72,76.73
826,United Kingdom,1988,1814.0,1519.01,83.74
826,United Kingdom,1989,1827.0,1533.03,83.91
826,United Kingdom,1990,1850.0,1568.32,84.77
826,United Kingdom,1991,1827.0,1601.49,87.66
826,United Kingdom,1992,1837.0,1615.28,87.93
826,United Kingdom,1993,1844.0,1712.01,92.84
826,United Kingdom,1994,1866.0,1672.53,89.63
826,United Kingdom,1995,1844.0,1687.59,91.52
826,United Kingdom,1996,1873.0,1761.42,94.04
826,United Kingdom,1997,1823.0,1763.78,96.75
826,United Kingdom,1998,1848.0,1719.12,93.03
826,United Kingdom,1999,1777.0,1662.91,93.58
826,United Kingdom,2000,1778.0,1639.89,92.23
826,United Kingdom,2001,1769.0,1548.74,87.55
826,United Kingdom,2002,1785.0,1584.42,88.76
826,United Kingdom,2003,1813.0,1575.68,86.91
826,United Kingdom,2004,1847.56,1655.15,89.59
826,United Kingdom,2005,1819.45,1619.42,89.01
826,United Kingdom,2006,1835.51,1532.81,83.51
826,United Kingdom,2007,1819.45,1528.48,84.01
826,United Kingdom,2008,1827.48,1535.52,84.02
826,United Kingdom,2009,1757.19,1440.28,81.96
826,United Kingdom,2010,1757.19,1395.1,79.39
826,United Kingdom,2011,1787.32,1432.78,80.16
826,United Kingdom,2012,1526.25,1347.92,88.32
826,United Kingdom,2013,1498.13,1197.15,79.91
826,United Kingdom,2014,1337.47,1124.98,84.11
826,United Kingdom,2015,1337.47,1117.55,83.56
826,United Kingdom,2016,1227.02,1071.08,87.29
826,United Kingdom,2017,1227.02,1073.16,87.46
826,United Kingdom,2018,1227.02,1041.24,84.86
826,United Kingdom,2019,1227.02,1043.7,85.06
826,United Kingdom,2020,1251.12,889.89,71.13
826,United Kingdom,2021,1251.12,897.14,71.71
826,United Kingdom,2022,1218.99,1017.47,83.47
826,United Kingdom,2023,1218.99,952.03,78.1
826,United Kingdom,2024,1218.99,969.0,79.49
826,United Kingdom,2025,1137.0,918.63,80.79
840,US,1965,10390.0,,
840,US,1966,10660.0,,
840,US,1967,11350.0,,
840,US,1968,11700.0,,
840,US,1969,12020.0,,
840,US,1970,12860.0,,
840,US,1971,13290.0,,
840,US,1972,13640.0,,
840,US,1973,14360.0,,
840,US,1974,14960.0,,
840,US,1975,15240.0,,
840,US,1976,16400.0,,
840,US,1977,17050.0,,
840,US,1978,17440.0,,
840,US,1979,17990.0,,
840,US,1980,18620.0,13481.0,72.4
840,US,1981,17890.0,12470.0,69.7
840,US,1982,16860.0,11774.0,69.83
840,US,1983,16140.0,11685.0,72.4
840,US,1984,15659.0,12044.0,76.91
840,US,1985,15459.0,12002.0,77.64
840,US,1986,15566.0,12716.0,81.69
840,US,1987,15915.0,12854.0,80.77
840,US,1988,15655.0,13246.0,84.61
840,US,1989,15572.0,13401.0,86.06
840,US,1990,15676.0,13409.0,85.54
840,US,1991,15696.0,13301.0,84.74
840,US,1992,15121.0,13411.0,88.69
840,US,1993,15058.0,13613.0,90.4
840,US,1994,15434.0,13866.0,89.84
840,US,1995,15333.0,13973.0,91.13
840,US,1996,15452.0,14195.0,91.87
840,US,1997,15711.0,14662.0,93.32
840,US,1998,16261.0,14889.0,91.56
840,US,1999,16512.0,14804.0,89.66
840,US,2000,16568.0,15067.0,90.94
840,US,2001,16755.0,15128.0,90.29
840,US,2002,16757.0,14947.0,89.2
840,US,2003,16947.0,15304.0,90.31
840,US,2004,17125.0,15475.0,90.36
840,US,2005,17339.0,15220.09,87.78
840,US,2006,17440.0,15242.0,87.4
840,US,2007,17594.0,15156.0,86.14
840,US,2008,17672.0,14648.0,82.89
840,US,2009,17597.0,14336.0,81.47
840,US,2010,17736.0,14724.0,83.02
840,US,2011,17367.0,14806.0,85.25
840,US,2012,17823.0,14999.0,84.16
840,US,2013,17925.0,15312.0,85.42
840,US,2014,17967.0,15848.0,88.21
840,US,2015,18317.0,16188.0,88.38
840,US,2016,18617.0,16187.0,86.95
840,US,2017,18598.0,16590.0,89.2
840,US,2018,18808.0,16969.0,90.22
840,US,2019,18974.0,16563.0,87.29
840,US,2020,18143.0,14212.0,78.33
840,US,2021,17941.0,15147.0,84.43
840,US,2022,18061.0,15977.0,88.46
840,US,2023,18429.0,15967.0,86.64
840,US,2024,18416.0,16225.0,88.1
840,US,2025,18172.0,16371.0,90.09
860,Uzbekistan,1980,175.0,,
860,Uzbekistan,1981,175.0,,
860,Uzbekistan,1982,175.0,,
860,Uzbekistan,1983,175.0,,
860,Uzbekistan,1984,175.0,,
860,Uzbekistan,1985,175.0,,
860,Uzbekistan,1986,175.0,,
860,Uzbekistan,1987,175.0,,
860,Uzbekistan,1988,175.0,,
860,Uzbekistan,1989,175.0,,
860,Uzbekistan,1990,175.0,160.66,91.8
860,Uzbekistan,1991,175.0,158.65,90.66
860,Uzbekistan,1992,175.0,133.34,76.2
860,Uzbekistan,1993,175.0,159.51,91.15
860,Uzbekistan,1994,175.0,140.64,80.36
860,Uzbekistan,1995,175.0,134.13,76.65
860,Uzbekistan,1996,175.0,131.6,75.2
860,Uzbekistan,1997,232.0,132.28,57.02
860,Uzbekistan,1998,232.0,139.39,60.08
860,Uzbekistan,1999,232.0,147.06,63.39
860,Uzbekistan,2000,232.0,145.98,62.92
860,Uzbekistan,2001,232.0,140.11,60.39
860,Uzbekistan,2002,232.0,137.52,59.28
860,Uzbekistan,2003,232.0,149.77,64.56
860,Uzbekistan,2004,232.0,153.11,66.0
860,Uzbekistan,2005,232.0,105.23,45.36
860,Uzbekistan,2006,232.0,105.25,45.37
860,Uzbekistan,2007,232.0,95.47,41.15
860,Uzbekistan,2008,232.0,93.29,40.21
860,Uzbekistan,2009,232.0,87.68,37.79
860,Uzbekistan,2010,232.0,73.46,31.66
860,Uzbekistan,2011,232.0,69.16,29.81
860,Uzbekistan,2012,232.0,61.5,26.51
860,Uzbekistan,2013,232.0,77.5,33.41
860,Uzbekistan,2014,232.0,68.74,29.63
860,Uzbekistan,2015,232.0,70.28,30.29
860,Uzbekistan,2016,232.0,71.58,30.85
860,Uzbekistan,2017,232.0,74.86,32.27
860,Uzbekistan,2018,232.0,81.13,34.97
860,Uzbekistan,2019,232.0,73.2,31.55
860,Uzbekistan,2020,232.0,69.81,30.09
860,Uzbekistan,2021,232.0,71.56,30.85
860,Uzbekistan,2022,232.0,67.06,28.91
860,Uzbekistan,2023,232.0,77.08,33.22
860,Uzbekistan,2024,232.0,74.5,32.11
860,Uzbekistan,2025,232.0,73.72,31.77
862,Venezuela,1965,1120.0,,
862,Venezuela,1966,1135.0,,
862,Venezuela,1967,1217.0,,
862,Venezuela,1968,1222.0,,
862,Venezuela,1969,1258.0,,
862,Venezuela,1970,1289.0,,
862,Venezuela,1971,1295.0,,
862,Venezuela,1972,1474.0,,
862,Venezuela,1973,1474.0,,
862,Venezuela,1974,1474.0,,
862,Venezuela,1975,1445.0,,
862,Venezuela,1976,1445.0,,
862,Venezuela,1977,1445.0,,
862,Venezuela,1978,1371.0,,
862,Venezuela,1979,1371.0,,
862,Venezuela,1980,1283.0,925.29,72.12
862,Venezuela,1981,1263.0,860.68,68.15
862,Venezuela,1982,1253.0,872.66,69.65
862,Venezuela,1983,1243.0,898.03,72.25
862,Venezuela,1984,1243.0,900.36,72.43
862,Venezuela,1985,1243.0,942.36,75.81
862,Venezuela,1986,1243.0,931.09,74.91
862,Venezuela,1987,1243.0,924.51,74.38
862,Venezuela,1988,1243.0,1050.71,84.53
862,Venezuela,1989,1243.0,1017.81,81.88
862,Venezuela,1990,1243.0,1069.82,86.07
862,Venezuela,1991,1196.0,1126.61,94.2
862,Venezuela,1992,1202.0,1101.3,91.62
862,Venezuela,1993,1202.0,949.9,79.03
862,Venezuela,1994,1205.0,937.7,77.82
862,Venezuela,1995,1217.0,1005.0,82.58
862,Venezuela,1996,1217.0,1018.9,83.72
862,Venezuela,1997,1217.0,1054.04,86.61
862,Venezuela,1998,1220.0,1056.1,86.57
862,Venezuela,1999,1231.0,1048.64,85.19
862,Venezuela,2000,1274.0,1079.41,84.73
862,Venezuela,2001,1274.0,1060.03,83.2
862,Venezuela,2002,1274.0,931.07,73.08
862,Venezuela,2003,1269.0,856.12,67.46
862,Venezuela,2004,1284.0,1012.35,78.84
862,Venezuela,2005,1291.0,1013.31,78.49
862,Venezuela,2006,1294.0,1022.07,78.99
862,Venezuela,2007,1303.0,1004.0,77.05
862,Venezuela,2008,1303.0,1010.0,77.51
862,Venezuela,2009,1303.0,961.0,73.75
862,Venezuela,2010,1303.0,969.0,74.37
862,Venezuela,2011,1303.0,991.0,76.06
862,Venezuela,2012,1303.0,936.0,71.83
862,Venezuela,2013,1303.0,952.0,73.06
862,Venezuela,2014,1303.0,920.0,70.61
862,Venezuela,2015,1303.0,863.0,66.23
862,Venezuela,2016,1303.0,654.0,50.19
862,Venezuela,2017,1303.0,648.58,49.78
862,Venezuela,2018,1303.0,401.32,30.8
862,Venezuela,2019,1303.0,351.98,27.01
862,Venezuela,2020,1303.0,160.48,12.32
862,Venezuela,2021,1303.0,217.71,16.71
862,Venezuela,2022,1303.0,257.19,19.74
862,Venezuela,2023,1303.0,259.98,19.95
862,Venezuela,2024,1303.0,257.75,19.78
862,Venezuela,2025,1303.0,277.52,21.3
