# Water stress, SDG indicator 6.4.2
# Freshwater withdrawal as a share of available renewable resources, percent
# Original source: FAO AQUASTAT via the UN SDG Global Database
# Compiled by Muhammad Ikram, https://drmuhammadikram.com/data/water-stress/
# Free to use. Please cite the original source and this compilation.
iso_numeric,country,year,water_stress_percent
001,World,2000,17.47
001,World,2001,17.64
001,World,2002,17.76
001,World,2003,17.91
001,World,2004,17.92
001,World,2005,17.92
001,World,2006,18.43
001,World,2007,18.54
001,World,2008,18.14
001,World,2009,18.07
001,World,2010,18.12
001,World,2011,17.98
001,World,2012,18.03
001,World,2013,17.92
001,World,2014,17.97
001,World,2015,17.83
001,World,2016,17.91
001,World,2017,17.99
001,World,2018,17.96
001,World,2019,18.01
001,World,2020,17.81
001,World,2021,17.79
001,World,2022,17.77
001,World,2023,17.59
004,Afghanistan,2000,54.76
004,Afghanistan,2001,54.76
004,Afghanistan,2002,54.76
004,Afghanistan,2003,54.76
004,Afghanistan,2004,54.76
004,Afghanistan,2005,54.76
004,Afghanistan,2006,54.76
004,Afghanistan,2007,54.76
004,Afghanistan,2008,54.76
004,Afghanistan,2009,54.76
004,Afghanistan,2010,54.76
004,Afghanistan,2011,54.76
004,Afghanistan,2012,54.76
004,Afghanistan,2013,54.76
004,Afghanistan,2014,54.76
004,Afghanistan,2015,54.76
004,Afghanistan,2016,54.76
004,Afghanistan,2017,54.76
004,Afghanistan,2018,54.76
004,Afghanistan,2019,54.76
004,Afghanistan,2020,54.76
004,Afghanistan,2021,54.76
004,Afghanistan,2022,54.76
004,Afghanistan,2023,54.76
005,South America,2000,4.79
005,South America,2001,4.94
005,South America,2002,5.1
005,South America,2003,5.23
005,South America,2004,5.34
005,South America,2005,5.54
005,South America,2006,5.64
005,South America,2007,5.9
005,South America,2008,5.66
005,South America,2009,5.93
005,South America,2010,6.24
005,South America,2011,6.23
005,South America,2012,5.98
005,South America,2013,5.85
005,South America,2014,5.97
005,South America,2015,5.99
005,South America,2016,6.15
005,South America,2017,6.23
005,South America,2018,5.83
005,South America,2019,5.9
005,South America,2020,5.56
005,South America,2021,5.62
005,South America,2022,5.49
005,South America,2023,5.42
008,Albania,2000,11.04
008,Albania,2001,10.52
008,Albania,2002,9.99
008,Albania,2003,9.47
008,Albania,2004,8.94
008,Albania,2005,8.42
008,Albania,2006,7.65
008,Albania,2007,7.5
008,Albania,2008,7.35
008,Albania,2009,7.2
008,Albania,2010,7.05
008,Albania,2011,6.91
008,Albania,2012,6.76
008,Albania,2013,6.61
008,Albania,2014,6.46
008,Albania,2015,5.53
008,Albania,2016,6.56
008,Albania,2017,6.56
008,Albania,2018,5.76
008,Albania,2019,6.8
008,Albania,2020,4.72
008,Albania,2021,4.78
008,Albania,2022,4.79
008,Albania,2023,4.8
009,Oceania,2000,3.67
009,Oceania,2001,3.69
009,Oceania,2002,3.63
009,Oceania,2003,3.57
009,Oceania,2004,3.51
009,Oceania,2005,3.45
009,Oceania,2006,3.31
009,Oceania,2007,3.15
009,Oceania,2008,2.99
009,Oceania,2009,2.84
009,Oceania,2010,2.72
009,Oceania,2011,2.9
009,Oceania,2012,3.47
009,Oceania,2013,4.12
009,Oceania,2014,4.19
009,Oceania,2015,2.85
009,Oceania,2016,3.05
009,Oceania,2017,3.26
009,Oceania,2018,3.3
009,Oceania,2019,3.05
009,Oceania,2020,2.74
009,Oceania,2021,3.13
009,Oceania,2022,3.2
009,Oceania,2023,3.04
012,Algeria,2000,85.83
012,Algeria,2001,85.83
012,Algeria,2002,85.83
012,Algeria,2003,85.83
012,Algeria,2004,88.64
012,Algeria,2005,90.76
012,Algeria,2006,91.46
012,Algeria,2007,96.38
012,Algeria,2008,98.49
012,Algeria,2009,100.61
012,Algeria,2010,103.17
012,Algeria,2011,105.74
012,Algeria,2012,109.75
012,Algeria,2013,65.33
012,Algeria,2014,67.82
012,Algeria,2015,125.99
012,Algeria,2016,129.87
012,Algeria,2017,137.92
012,Algeria,2018,141.8
012,Algeria,2019,145.68
012,Algeria,2020,149.56
012,Algeria,2021,140.59
012,Algeria,2022,144.81
012,Algeria,2023,144.81
013,Central America,2000,24.92
013,Central America,2001,27.5
013,Central America,2002,28.89
013,Central America,2003,27.8
013,Central America,2004,22.9
013,Central America,2005,24.37
013,Central America,2006,25.34
013,Central America,2007,26.14
013,Central America,2008,26.75
013,Central America,2009,26.71
013,Central America,2010,20.77
013,Central America,2011,16.3
013,Central America,2012,17.13
013,Central America,2013,16.96
013,Central America,2014,17.59
013,Central America,2015,17.81
013,Central America,2016,17.91
013,Central America,2017,18.04
013,Central America,2018,19.0
013,Central America,2019,19.11
013,Central America,2020,19.14
013,Central America,2021,19.27
013,Central America,2022,19.24
013,Central America,2023,19.26
015,Northern Africa,2000,81.46
015,Northern Africa,2001,77.01
015,Northern Africa,2002,77.55
015,Northern Africa,2003,77.96
015,Northern Africa,2004,79.66
015,Northern Africa,2005,80.03
015,Northern Africa,2006,81.0
015,Northern Africa,2007,81.8
015,Northern Africa,2008,84.23
015,Northern Africa,2009,84.93
015,Northern Africa,2010,86.97
015,Northern Africa,2011,83.88
015,Northern Africa,2012,100.88
015,Northern Africa,2013,98.36
015,Northern Africa,2014,97.95
015,Northern Africa,2015,102.52
015,Northern Africa,2016,102.2
015,Northern Africa,2017,101.62
015,Northern Africa,2018,102.7
015,Northern Africa,2019,102.63
015,Northern Africa,2020,102.06
015,Northern Africa,2021,101.33
015,Northern Africa,2022,101.37
015,Northern Africa,2023,101.08
020,Andorra,2000,nan
020,Andorra,2001,nan
020,Andorra,2002,nan
020,Andorra,2003,nan
020,Andorra,2004,nan
020,Andorra,2005,nan
020,Andorra,2006,nan
020,Andorra,2007,13.02
020,Andorra,2008,12.85
020,Andorra,2009,12.08
020,Andorra,2010,12.41
020,Andorra,2011,12.57
020,Andorra,2012,13.0
020,Andorra,2013,13.44
020,Andorra,2014,12.1
020,Andorra,2015,12.28
020,Andorra,2016,13.33
020,Andorra,2017,13.78
020,Andorra,2018,12.37
020,Andorra,2019,15.98
020,Andorra,2020,11.79
020,Andorra,2021,11.95
020,Andorra,2022,11.87
020,Andorra,2023,11.91
021,Northern America,2000,21.65
021,Northern America,2001,21.69
021,Northern America,2002,21.73
021,Northern America,2003,21.77
021,Northern America,2004,21.81
021,Northern America,2005,21.85
021,Northern America,2006,21.34
021,Northern America,2007,20.83
021,Northern America,2008,20.28
021,Northern America,2009,19.72
021,Northern America,2010,19.15
021,Northern America,2011,18.82
021,Northern America,2012,18.59
021,Northern America,2013,18.36
021,Northern America,2014,18.07
021,Northern America,2015,17.77
021,Northern America,2016,17.78
021,Northern America,2017,17.79
021,Northern America,2018,17.79
021,Northern America,2019,17.79
021,Northern America,2020,17.79
021,Northern America,2021,17.78
021,Northern America,2022,17.78
021,Northern America,2023,17.78
024,Angola,2000,1.7
024,Angola,2001,1.73
024,Angola,2002,1.77
024,Angola,2003,1.8
024,Angola,2004,1.84
024,Angola,2005,1.87
024,Angola,2006,1.87
024,Angola,2007,1.87
024,Angola,2008,1.87
024,Angola,2009,1.87
024,Angola,2010,1.87
024,Angola,2011,1.87
024,Angola,2012,1.87
024,Angola,2013,1.87
024,Angola,2014,1.87
024,Angola,2015,1.87
024,Angola,2016,1.87
024,Angola,2017,1.87
024,Angola,2018,1.87
024,Angola,2019,1.87
024,Angola,2020,1.87
024,Angola,2021,1.87
024,Angola,2022,1.87
024,Angola,2023,1.87
028,Antigua and Barbuda,2000,2.63
028,Antigua and Barbuda,2001,2.79
028,Antigua and Barbuda,2002,2.94
028,Antigua and Barbuda,2003,3.92
028,Antigua and Barbuda,2004,4.65
028,Antigua and Barbuda,2005,5.87
028,Antigua and Barbuda,2006,5.73
028,Antigua and Barbuda,2007,6.35
028,Antigua and Barbuda,2008,6.97
028,Antigua and Barbuda,2009,7.6
028,Antigua and Barbuda,2010,7.29
028,Antigua and Barbuda,2011,7.23
028,Antigua and Barbuda,2012,8.46
028,Antigua and Barbuda,2013,5.27
028,Antigua and Barbuda,2014,4.93
028,Antigua and Barbuda,2015,4.72
028,Antigua and Barbuda,2016,4.51
028,Antigua and Barbuda,2017,4.31
028,Antigua and Barbuda,2018,4.55
028,Antigua and Barbuda,2019,3.9
028,Antigua and Barbuda,2020,2.83
028,Antigua and Barbuda,2021,3.15
028,Antigua and Barbuda,2022,3.15
028,Antigua and Barbuda,2023,3.15
029,Caribbean,2000,21.3
029,Caribbean,2001,21.67
029,Caribbean,2002,21.97
029,Caribbean,2003,22.19
029,Caribbean,2004,22.62
029,Caribbean,2005,20.53
029,Caribbean,2006,23.54
029,Caribbean,2007,24.16
029,Caribbean,2008,26.32
029,Caribbean,2009,27.36
029,Caribbean,2010,27.69
029,Caribbean,2011,27.6
029,Caribbean,2012,29.28
029,Caribbean,2013,28.43
029,Caribbean,2014,30.11
029,Caribbean,2015,25.93
029,Caribbean,2016,26.67
029,Caribbean,2017,27.69
029,Caribbean,2018,28.77
029,Caribbean,2019,28.28
029,Caribbean,2020,27.49
029,Caribbean,2021,27.38
029,Caribbean,2022,27.39
029,Caribbean,2023,27.39
030,Eastern Asia,2000,43.77
030,Eastern Asia,2001,43.53
030,Eastern Asia,2002,43.11
030,Eastern Asia,2003,41.98
030,Eastern Asia,2004,43.42
030,Eastern Asia,2005,43.91
030,Eastern Asia,2006,44.93
030,Eastern Asia,2007,45.04
030,Eastern Asia,2008,45.56
030,Eastern Asia,2009,45.85
030,Eastern Asia,2010,46.19
030,Eastern Asia,2011,46.65
030,Eastern Asia,2012,46.79
030,Eastern Asia,2013,47.07
030,Eastern Asia,2014,46.44
030,Eastern Asia,2015,46.43
030,Eastern Asia,2016,45.98
030,Eastern Asia,2017,45.91
030,Eastern Asia,2018,45.68
030,Eastern Asia,2019,45.56
030,Eastern Asia,2020,44.15
030,Eastern Asia,2021,44.71
030,Eastern Asia,2022,44.87
030,Eastern Asia,2023,44.05
031,Azerbaijan,2000,48.53
031,Azerbaijan,2001,43.82
031,Azerbaijan,2002,43.8
031,Azerbaijan,2003,46.45
031,Azerbaijan,2004,49.35
031,Azerbaijan,2005,52.11
031,Azerbaijan,2006,53.63
031,Azerbaijan,2007,53.37
031,Azerbaijan,2008,50.92
031,Azerbaijan,2009,49.19
031,Azerbaijan,2010,48.44
031,Azerbaijan,2011,49.88
031,Azerbaijan,2012,52.88
031,Azerbaijan,2013,52.97
031,Azerbaijan,2014,51.19
031,Azerbaijan,2015,51.62
031,Azerbaijan,2016,52.45
031,Azerbaijan,2017,53.52
031,Azerbaijan,2018,53.73
031,Azerbaijan,2019,55.6
031,Azerbaijan,2020,53.89
031,Azerbaijan,2021,57.27
031,Azerbaijan,2022,57.53
031,Azerbaijan,2023,57.53
032,Argentina,2000,8.42
032,Argentina,2001,8.61
032,Argentina,2002,8.79
032,Argentina,2003,8.98
032,Argentina,2004,9.16
032,Argentina,2005,9.35
032,Argentina,2006,9.53
032,Argentina,2007,9.72
032,Argentina,2008,9.9
032,Argentina,2009,10.09
032,Argentina,2010,10.27
032,Argentina,2011,10.46
032,Argentina,2012,10.46
032,Argentina,2013,10.46
032,Argentina,2014,10.46
032,Argentina,2015,10.46
032,Argentina,2016,10.46
032,Argentina,2017,10.46
032,Argentina,2018,10.46
032,Argentina,2019,10.46
032,Argentina,2020,10.46
032,Argentina,2021,10.46
032,Argentina,2022,10.46
032,Argentina,2023,10.46
034,Southern Asia,2000,70.65
034,Southern Asia,2001,72.0
034,Southern Asia,2002,72.2
034,Southern Asia,2003,75.03
034,Southern Asia,2004,73.4
034,Southern Asia,2005,72.23
034,Southern Asia,2006,74.47
034,Southern Asia,2007,74.73
034,Southern Asia,2008,77.19
034,Southern Asia,2009,77.63
034,Southern Asia,2010,78.27
034,Southern Asia,2011,77.96
034,Southern Asia,2012,78.41
034,Southern Asia,2013,77.87
034,Southern Asia,2014,78.55
034,Southern Asia,2015,78.5
034,Southern Asia,2016,78.53
034,Southern Asia,2017,78.34
034,Southern Asia,2018,77.59
034,Southern Asia,2019,76.19
034,Southern Asia,2020,76.95
034,Southern Asia,2021,76.53
034,Southern Asia,2022,76.16
034,Southern Asia,2023,74.67
035,South-Eastern Asia,2000,13.53
035,South-Eastern Asia,2001,14.06
035,South-Eastern Asia,2002,14.6
035,South-Eastern Asia,2003,15.13
035,South-Eastern Asia,2004,15.11
035,South-Eastern Asia,2005,14.68
035,South-Eastern Asia,2006,15.94
035,South-Eastern Asia,2007,17.56
035,South-Eastern Asia,2008,17.77
035,South-Eastern Asia,2009,17.97
035,South-Eastern Asia,2010,18.18
035,South-Eastern Asia,2011,18.37
035,South-Eastern Asia,2012,18.57
035,South-Eastern Asia,2013,18.76
035,South-Eastern Asia,2014,18.96
035,South-Eastern Asia,2015,19.21
035,South-Eastern Asia,2016,19.27
035,South-Eastern Asia,2017,19.53
035,South-Eastern Asia,2018,19.84
035,South-Eastern Asia,2019,19.89
035,South-Eastern Asia,2020,19.99
035,South-Eastern Asia,2021,19.94
035,South-Eastern Asia,2022,20.26
035,South-Eastern Asia,2023,20.4
036,Australia,2000,8.71
036,Australia,2001,8.66
036,Australia,2002,8.38
036,Australia,2003,8.1
036,Australia,2004,7.81
036,Australia,2005,7.53
036,Australia,2006,7.06
036,Australia,2007,6.59
036,Australia,2008,6.11
036,Australia,2009,5.64
036,Australia,2010,5.3
036,Australia,2011,5.31
036,Australia,2012,6.38
036,Australia,2013,7.7
036,Australia,2014,7.42
036,Australia,2015,3.71
036,Australia,2016,4.27
036,Australia,2017,4.85
036,Australia,2018,4.96
036,Australia,2019,4.25
036,Australia,2020,3.37
036,Australia,2021,4.45
036,Australia,2022,4.67
036,Australia,2023,4.22
039,Southern Europe,2000,37.71
039,Southern Europe,2001,36.91
039,Southern Europe,2002,34.63
039,Southern Europe,2003,34.29
039,Southern Europe,2004,33.94
039,Southern Europe,2005,33.57
039,Southern Europe,2006,33.17
039,Southern Europe,2007,33.1
039,Southern Europe,2008,40.4
039,Southern Europe,2009,34.03
039,Southern Europe,2010,33.62
039,Southern Europe,2011,33.76
039,Southern Europe,2012,34.14
039,Southern Europe,2013,32.93
039,Southern Europe,2014,32.84
039,Southern Europe,2015,32.66
039,Southern Europe,2016,32.78
039,Southern Europe,2017,32.04
039,Southern Europe,2018,32.0
039,Southern Europe,2019,31.93
039,Southern Europe,2020,31.9
039,Southern Europe,2021,32.05
039,Southern Europe,2022,31.58
039,Southern Europe,2023,31.84
040,Austria,2000,10.05
040,Austria,2001,9.97
040,Austria,2002,9.88
040,Austria,2003,9.85
040,Austria,2004,9.82
040,Austria,2005,9.79
040,Austria,2006,9.76
040,Austria,2007,9.73
040,Austria,2008,9.7
040,Austria,2009,9.67
040,Austria,2010,9.64
040,Austria,2011,9.54
040,Austria,2012,9.43
040,Austria,2013,9.32
040,Austria,2014,9.21
040,Austria,2015,9.11
040,Austria,2016,9.0
040,Austria,2017,8.89
040,Austria,2018,8.78
040,Austria,2019,8.68
040,Austria,2020,8.68
040,Austria,2021,8.68
040,Austria,2022,8.68
040,Austria,2023,8.68
048,Bahrain,2000,197.06
048,Bahrain,2001,199.97
048,Bahrain,2002,202.87
048,Bahrain,2003,205.78
048,Bahrain,2004,209.83
048,Bahrain,2005,190.6
048,Bahrain,2006,197.84
048,Bahrain,2007,184.14
048,Bahrain,2008,170.34
048,Bahrain,2009,156.21
048,Bahrain,2010,165.43
048,Bahrain,2011,174.91
048,Bahrain,2012,170.09
048,Bahrain,2013,175.17
048,Bahrain,2014,154.4
048,Bahrain,2015,137.16
048,Bahrain,2016,133.71
048,Bahrain,2017,159.22
048,Bahrain,2018,155.0
048,Bahrain,2019,155.86
048,Bahrain,2020,155.0
048,Bahrain,2021,152.5
048,Bahrain,2022,152.5
048,Bahrain,2023,152.5
050,Bangladesh,2000,nan
050,Bangladesh,2001,nan
050,Bangladesh,2002,nan
050,Bangladesh,2003,nan
050,Bangladesh,2004,nan
050,Bangladesh,2005,nan
050,Bangladesh,2006,nan
050,Bangladesh,2007,nan
050,Bangladesh,2008,5.72
050,Bangladesh,2009,5.72
050,Bangladesh,2010,5.72
050,Bangladesh,2011,5.72
050,Bangladesh,2012,5.72
050,Bangladesh,2013,5.72
050,Bangladesh,2014,5.72
050,Bangladesh,2015,5.72
050,Bangladesh,2016,5.72
050,Bangladesh,2017,5.72
050,Bangladesh,2018,5.72
050,Bangladesh,2019,5.72
050,Bangladesh,2020,5.72
050,Bangladesh,2021,5.72
050,Bangladesh,2022,5.72
050,Bangladesh,2023,5.72
051,Armenia,2000,37.74
051,Armenia,2001,34.82
051,Armenia,2002,34.96
051,Armenia,2003,39.86
051,Armenia,2004,50.49
051,Armenia,2005,55.9
051,Armenia,2006,57.03
051,Armenia,2007,60.76
051,Armenia,2008,57.96
051,Armenia,2009,49.71
051,Armenia,2010,42.91
051,Armenia,2011,49.18
051,Armenia,2012,59.33
051,Armenia,2013,59.61
051,Armenia,2014,57.7
051,Armenia,2015,65.99
051,Armenia,2016,64.17
051,Armenia,2017,57.9
051,Armenia,2018,54.75
051,Armenia,2019,57.8
051,Armenia,2020,57.09
051,Armenia,2021,59.85
051,Armenia,2022,61.97
051,Armenia,2023,61.97
052,Barbados,2000,101.25
052,Barbados,2001,101.25
052,Barbados,2002,101.25
052,Barbados,2003,101.25
052,Barbados,2004,101.25
052,Barbados,2005,87.5
052,Barbados,2006,87.5
052,Barbados,2007,87.5
052,Barbados,2008,87.5
052,Barbados,2009,87.5
052,Barbados,2010,87.5
052,Barbados,2011,87.5
052,Barbados,2012,87.5
052,Barbados,2013,87.5
052,Barbados,2014,87.5
052,Barbados,2015,87.5
052,Barbados,2016,87.5
052,Barbados,2017,87.5
052,Barbados,2018,87.5
052,Barbados,2019,87.5
052,Barbados,2020,87.5
052,Barbados,2021,87.5
052,Barbados,2022,87.5
052,Barbados,2023,87.5
053,Australia and New Zealand,2000,6.87
053,Australia and New Zealand,2001,6.91
053,Australia and New Zealand,2002,6.79
053,Australia and New Zealand,2003,6.66
053,Australia and New Zealand,2004,6.54
053,Australia and New Zealand,2005,6.42
053,Australia and New Zealand,2006,6.16
053,Australia and New Zealand,2007,5.86
053,Australia and New Zealand,2008,5.56
053,Australia and New Zealand,2009,5.26
053,Australia and New Zealand,2010,5.04
053,Australia and New Zealand,2011,5.37
053,Australia and New Zealand,2012,6.42
053,Australia and New Zealand,2013,7.64
053,Australia and New Zealand,2014,7.78
053,Australia and New Zealand,2015,5.24
053,Australia and New Zealand,2016,5.62
053,Australia and New Zealand,2017,6.02
053,Australia and New Zealand,2018,6.09
053,Australia and New Zealand,2019,5.61
053,Australia and New Zealand,2020,5.01
053,Australia and New Zealand,2021,5.74
053,Australia and New Zealand,2022,5.9
053,Australia and New Zealand,2023,5.59
054,Melanesia,2000,0.12
054,Melanesia,2001,0.12
054,Melanesia,2002,0.13
054,Melanesia,2003,0.14
054,Melanesia,2004,0.15
054,Melanesia,2005,0.16
054,Melanesia,2006,0.16
054,Melanesia,2007,0.16
054,Melanesia,2008,0.16
054,Melanesia,2009,0.16
054,Melanesia,2010,0.16
054,Melanesia,2011,0.16
054,Melanesia,2012,0.16
054,Melanesia,2013,0.17
054,Melanesia,2014,0.17
054,Melanesia,2015,0.17
054,Melanesia,2016,0.17
054,Melanesia,2017,0.18
054,Melanesia,2018,0.17
054,Melanesia,2019,0.18
054,Melanesia,2020,0.18
054,Melanesia,2021,0.18
054,Melanesia,2022,0.18
054,Melanesia,2023,0.18
056,Belgium,2000,92.54
056,Belgium,2001,87.65
056,Belgium,2002,82.75
056,Belgium,2003,81.32
056,Belgium,2004,79.88
056,Belgium,2005,78.45
056,Belgium,2006,77.4
056,Belgium,2007,76.35
056,Belgium,2008,75.29
056,Belgium,2009,73.73
056,Belgium,2010,73.13
056,Belgium,2011,62.43
056,Belgium,2012,65.11
056,Belgium,2013,59.32
056,Belgium,2014,55.97
056,Belgium,2015,49.07
056,Belgium,2016,51.51
056,Belgium,2017,53.96
056,Belgium,2018,51.29
056,Belgium,2019,51.58
056,Belgium,2020,52.17
056,Belgium,2021,52.83
056,Belgium,2022,52.83
056,Belgium,2023,52.83
060,Bermuda,2000,nan
060,Bermuda,2001,nan
060,Bermuda,2002,nan
060,Bermuda,2003,nan
060,Bermuda,2004,nan
060,Bermuda,2005,5.88
060,Bermuda,2006,6.25
060,Bermuda,2007,5.74
060,Bermuda,2008,5.47
060,Bermuda,2009,4.24
060,Bermuda,2010,4.24
060,Bermuda,2011,4.24
060,Bermuda,2012,4.24
060,Bermuda,2013,4.24
060,Bermuda,2014,4.24
060,Bermuda,2015,4.24
060,Bermuda,2016,4.24
060,Bermuda,2017,4.24
060,Bermuda,2018,4.24
060,Bermuda,2019,4.24
060,Bermuda,2020,4.24
060,Bermuda,2021,4.24
060,Bermuda,2022,4.24
060,Bermuda,2023,4.24
062,Central and Southern Asia,2000,65.71
062,Central and Southern Asia,2001,67.0
062,Central and Southern Asia,2002,67.09
062,Central and Southern Asia,2003,69.35
062,Central and Southern Asia,2004,68.59
062,Central and Southern Asia,2005,67.1
062,Central and Southern Asia,2006,69.29
062,Central and Southern Asia,2007,69.3
062,Central and Southern Asia,2008,69.86
062,Central and Southern Asia,2009,70.78
062,Central and Southern Asia,2010,71.61
062,Central and Southern Asia,2011,70.87
062,Central and Southern Asia,2012,71.82
062,Central and Southern Asia,2013,71.2
062,Central and Southern Asia,2014,71.56
062,Central and Southern Asia,2015,71.63
062,Central and Southern Asia,2016,71.5
062,Central and Southern Asia,2017,71.69
062,Central and Southern Asia,2018,70.95
062,Central and Southern Asia,2019,69.72
062,Central and Southern Asia,2020,70.13
062,Central and Southern Asia,2021,69.31
062,Central and Southern Asia,2022,69.06
062,Central and Southern Asia,2023,67.81
064,Bhutan,2000,nan
064,Bhutan,2001,nan
064,Bhutan,2002,nan
064,Bhutan,2003,nan
064,Bhutan,2004,nan
064,Bhutan,2005,nan
064,Bhutan,2006,nan
064,Bhutan,2007,nan
064,Bhutan,2008,1.41
064,Bhutan,2009,1.41
064,Bhutan,2010,1.41
064,Bhutan,2011,1.41
064,Bhutan,2012,1.41
064,Bhutan,2013,1.41
064,Bhutan,2014,1.41
064,Bhutan,2015,1.41
064,Bhutan,2016,1.41
064,Bhutan,2017,1.41
064,Bhutan,2018,1.41
064,Bhutan,2019,1.41
064,Bhutan,2020,1.41
064,Bhutan,2021,1.41
064,Bhutan,2022,1.41
064,Bhutan,2023,1.41
068,Bolivia (Plurinational State of),2000,1.11
068,Bolivia (Plurinational State of),2001,1.12
068,Bolivia (Plurinational State of),2002,1.13
068,Bolivia (Plurinational State of),2003,1.13
068,Bolivia (Plurinational State of),2004,1.14
068,Bolivia (Plurinational State of),2005,1.15
068,Bolivia (Plurinational State of),2006,1.16
068,Bolivia (Plurinational State of),2007,1.17
068,Bolivia (Plurinational State of),2008,1.18
068,Bolivia (Plurinational State of),2009,1.18
068,Bolivia (Plurinational State of),2010,1.18
068,Bolivia (Plurinational State of),2011,0.14
068,Bolivia (Plurinational State of),2012,0.15
068,Bolivia (Plurinational State of),2013,0.17
068,Bolivia (Plurinational State of),2014,0.18
068,Bolivia (Plurinational State of),2015,0.18
068,Bolivia (Plurinational State of),2016,0.19
068,Bolivia (Plurinational State of),2017,0.19
068,Bolivia (Plurinational State of),2018,0.19
068,Bolivia (Plurinational State of),2019,0.2
068,Bolivia (Plurinational State of),2020,0.21
068,Bolivia (Plurinational State of),2021,0.2
068,Bolivia (Plurinational State of),2022,0.2
068,Bolivia (Plurinational State of),2023,0.2
070,Bosnia and Herzegovina,2000,2.47
070,Bosnia and Herzegovina,2001,2.48
070,Bosnia and Herzegovina,2002,2.49
070,Bosnia and Herzegovina,2003,2.51
070,Bosnia and Herzegovina,2004,2.52
070,Bosnia and Herzegovina,2005,2.51
070,Bosnia and Herzegovina,2006,2.53
070,Bosnia and Herzegovina,2007,2.59
070,Bosnia and Herzegovina,2008,2.6
070,Bosnia and Herzegovina,2009,2.85
070,Bosnia and Herzegovina,2010,2.89
070,Bosnia and Herzegovina,2011,2.81
070,Bosnia and Herzegovina,2012,2.91
070,Bosnia and Herzegovina,2013,2.89
070,Bosnia and Herzegovina,2014,2.74
070,Bosnia and Herzegovina,2015,2.78
070,Bosnia and Herzegovina,2016,2.79
070,Bosnia and Herzegovina,2017,2.66
070,Bosnia and Herzegovina,2018,2.07
070,Bosnia and Herzegovina,2019,2.03
070,Bosnia and Herzegovina,2020,2.0
070,Bosnia and Herzegovina,2021,2.03
070,Bosnia and Herzegovina,2022,2.07
070,Bosnia and Herzegovina,2023,2.14
072,Botswana,2000,1.7
072,Botswana,2001,1.7
072,Botswana,2002,1.88
072,Botswana,2003,1.76
072,Botswana,2004,1.87
072,Botswana,2005,1.82
072,Botswana,2006,1.87
072,Botswana,2007,1.87
072,Botswana,2008,1.95
072,Botswana,2009,1.93
072,Botswana,2010,1.9
072,Botswana,2011,2.06
072,Botswana,2012,2.03
072,Botswana,2013,1.95
072,Botswana,2014,1.96
072,Botswana,2015,1.96
072,Botswana,2016,2.1
072,Botswana,2017,2.02
072,Botswana,2018,2.13
072,Botswana,2019,2.11
072,Botswana,2020,2.31
072,Botswana,2021,2.44
072,Botswana,2022,2.23
072,Botswana,2023,2.32
076,Brazil,2000,2.65
076,Brazil,2001,2.67
076,Brazil,2002,2.68
076,Brazil,2003,2.7
076,Brazil,2004,2.71
076,Brazil,2005,2.73
076,Brazil,2006,2.74
076,Brazil,2007,2.94
076,Brazil,2008,3.14
076,Brazil,2009,3.34
076,Brazil,2010,3.54
076,Brazil,2011,3.42
076,Brazil,2012,3.3
076,Brazil,2013,2.97
076,Brazil,2014,3.07
076,Brazil,2015,3.02
076,Brazil,2016,3.14
076,Brazil,2017,3.11
076,Brazil,2018,1.46
076,Brazil,2019,1.48
076,Brazil,2020,1.48
076,Brazil,2021,1.48
076,Brazil,2022,1.5
076,Brazil,2023,1.43
084,Belize,2000,0.11
084,Belize,2001,0.12
084,Belize,2002,0.14
084,Belize,2003,0.13
084,Belize,2004,0.13
084,Belize,2005,0.13
084,Belize,2006,0.12
084,Belize,2007,0.13
084,Belize,2008,0.12
084,Belize,2009,0.12
084,Belize,2010,0.12
084,Belize,2011,0.12
084,Belize,2012,0.12
084,Belize,2013,0.12
084,Belize,2014,0.12
084,Belize,2015,0.12
084,Belize,2016,0.12
084,Belize,2017,0.12
084,Belize,2018,0.12
084,Belize,2019,0.12
084,Belize,2020,0.12
084,Belize,2021,0.12
084,Belize,2022,0.12
084,Belize,2023,0.12
096,Brunei Darussalam,2000,3.47
096,Brunei Darussalam,2001,3.47
096,Brunei Darussalam,2002,3.47
096,Brunei Darussalam,2003,3.47
096,Brunei Darussalam,2004,3.47
096,Brunei Darussalam,2005,3.47
096,Brunei Darussalam,2006,3.47
096,Brunei Darussalam,2007,3.47
096,Brunei Darussalam,2008,3.47
096,Brunei Darussalam,2009,3.47
096,Brunei Darussalam,2010,3.47
096,Brunei Darussalam,2011,3.47
096,Brunei Darussalam,2012,3.47
096,Brunei Darussalam,2013,3.47
096,Brunei Darussalam,2014,3.47
096,Brunei Darussalam,2015,3.47
096,Brunei Darussalam,2016,3.47
096,Brunei Darussalam,2017,3.47
096,Brunei Darussalam,2018,3.47
096,Brunei Darussalam,2019,3.47
096,Brunei Darussalam,2020,3.47
096,Brunei Darussalam,2021,3.47
096,Brunei Darussalam,2022,3.47
096,Brunei Darussalam,2023,3.47
100,Bulgaria,2000,45.33
100,Bulgaria,2001,43.12
100,Bulgaria,2002,48.7
100,Bulgaria,2003,48.13
100,Bulgaria,2004,47.56
100,Bulgaria,2005,46.98
100,Bulgaria,2006,46.41
100,Bulgaria,2007,45.84
100,Bulgaria,2008,47.49
100,Bulgaria,2009,45.24
100,Bulgaria,2010,44.05
100,Bulgaria,2011,47.19
100,Bulgaria,2012,42.24
100,Bulgaria,2013,40.42
100,Bulgaria,2014,39.74
100,Bulgaria,2015,41.61
100,Bulgaria,2016,42.05
100,Bulgaria,2017,41.82
100,Bulgaria,2018,40.1
100,Bulgaria,2019,40.08
100,Bulgaria,2020,36.73
100,Bulgaria,2021,38.55
100,Bulgaria,2022,40.22
100,Bulgaria,2023,38.84
104,Myanmar,2000,5.8
104,Myanmar,2001,5.8
104,Myanmar,2002,5.8
104,Myanmar,2003,5.8
104,Myanmar,2004,5.8
104,Myanmar,2005,5.8
104,Myanmar,2006,5.8
104,Myanmar,2007,5.8
104,Myanmar,2008,5.8
104,Myanmar,2009,5.8
104,Myanmar,2010,5.8
104,Myanmar,2011,5.8
104,Myanmar,2012,5.8
104,Myanmar,2013,5.8
104,Myanmar,2014,5.8
104,Myanmar,2015,5.8
104,Myanmar,2016,5.8
104,Myanmar,2017,5.8
104,Myanmar,2018,5.8
104,Myanmar,2019,5.8
104,Myanmar,2020,5.8
104,Myanmar,2021,5.8
104,Myanmar,2022,5.8
104,Myanmar,2023,5.8
108,Burundi,2000,10.48
108,Burundi,2001,10.42
108,Burundi,2002,10.37
108,Burundi,2003,10.31
108,Burundi,2004,10.25
108,Burundi,2005,10.19
108,Burundi,2006,10.19
108,Burundi,2007,10.19
108,Burundi,2008,10.19
108,Burundi,2009,10.19
108,Burundi,2010,10.19
108,Burundi,2011,10.19
108,Burundi,2012,10.19
108,Burundi,2013,10.19
108,Burundi,2014,10.19
108,Burundi,2015,10.19
108,Burundi,2016,10.19
108,Burundi,2017,10.19
108,Burundi,2018,10.19
108,Burundi,2019,10.19
108,Burundi,2020,10.19
108,Burundi,2021,10.19
108,Burundi,2022,10.19
108,Burundi,2023,10.19
112,Belarus,2000,6.05
112,Belarus,2001,6.1
112,Belarus,2002,6.15
112,Belarus,2003,6.05
112,Belarus,2004,5.9
112,Belarus,2005,5.62
112,Belarus,2006,5.7
112,Belarus,2007,5.6
112,Belarus,2008,5.4
112,Belarus,2009,5.18
112,Belarus,2010,5.1
112,Belarus,2011,5.4
112,Belarus,2012,5.41
112,Belarus,2013,4.99
112,Belarus,2014,5.18
112,Belarus,2015,4.77
112,Belarus,2016,4.78
112,Belarus,2017,4.61
112,Belarus,2018,4.58
112,Belarus,2019,4.48
112,Belarus,2020,4.38
112,Belarus,2021,4.7
112,Belarus,2022,4.66
112,Belarus,2023,4.73
116,Cambodia,2000,nan
116,Cambodia,2001,nan
116,Cambodia,2002,nan
116,Cambodia,2003,nan
116,Cambodia,2004,nan
116,Cambodia,2005,nan
116,Cambodia,2006,1.04
116,Cambodia,2007,1.04
116,Cambodia,2008,1.04
116,Cambodia,2009,1.04
116,Cambodia,2010,1.04
116,Cambodia,2011,1.04
116,Cambodia,2012,1.04
116,Cambodia,2013,1.04
116,Cambodia,2014,1.04
116,Cambodia,2015,1.04
116,Cambodia,2016,1.04
116,Cambodia,2017,1.04
116,Cambodia,2018,1.04
116,Cambodia,2019,1.04
116,Cambodia,2020,1.04
116,Cambodia,2021,1.04
116,Cambodia,2022,1.04
116,Cambodia,2023,1.04
120,Cameroon,2000,1.39
120,Cameroon,2001,1.42
120,Cameroon,2002,1.46
120,Cameroon,2003,1.49
120,Cameroon,2004,1.53
120,Cameroon,2005,1.56
120,Cameroon,2006,1.56
120,Cameroon,2007,1.56
120,Cameroon,2008,1.56
120,Cameroon,2009,1.56
120,Cameroon,2010,1.56
120,Cameroon,2011,1.56
120,Cameroon,2012,1.56
120,Cameroon,2013,1.56
120,Cameroon,2014,1.56
120,Cameroon,2015,1.56
120,Cameroon,2016,1.56
120,Cameroon,2017,1.56
120,Cameroon,2018,1.56
120,Cameroon,2019,1.56
120,Cameroon,2020,1.56
120,Cameroon,2021,1.56
120,Cameroon,2022,1.56
120,Cameroon,2023,1.56
124,Canada,2000,4.31
124,Canada,2001,4.31
124,Canada,2002,4.3
124,Canada,2003,4.29
124,Canada,2004,4.28
124,Canada,2005,4.27
124,Canada,2006,4.26
124,Canada,2007,4.26
124,Canada,2008,4.13
124,Canada,2009,4.0
124,Canada,2010,3.83
124,Canada,2011,3.67
124,Canada,2012,3.75
124,Canada,2013,3.84
124,Canada,2014,3.76
124,Canada,2015,3.68
124,Canada,2016,3.71
124,Canada,2017,3.73
124,Canada,2018,3.73
124,Canada,2019,3.73
124,Canada,2020,3.73
124,Canada,2021,3.72
124,Canada,2022,3.72
124,Canada,2023,3.72
132,Cabo Verde,2000,nan
132,Cabo Verde,2001,7.18
132,Cabo Verde,2002,8.53
132,Cabo Verde,2003,9.89
132,Cabo Verde,2004,11.24
132,Cabo Verde,2005,13.6
132,Cabo Verde,2006,15.97
132,Cabo Verde,2007,18.34
132,Cabo Verde,2008,20.71
132,Cabo Verde,2009,23.08
132,Cabo Verde,2010,25.44
132,Cabo Verde,2011,27.81
132,Cabo Verde,2012,30.18
132,Cabo Verde,2013,32.55
132,Cabo Verde,2014,34.92
132,Cabo Verde,2015,37.28
132,Cabo Verde,2016,39.65
132,Cabo Verde,2017,42.02
132,Cabo Verde,2018,44.39
132,Cabo Verde,2019,48.96
132,Cabo Verde,2020,68.94
132,Cabo Verde,2021,57.18
132,Cabo Verde,2022,59.68
132,Cabo Verde,2023,59.68
140,Central African Republic,2000,0.31
140,Central African Republic,2001,0.31
140,Central African Republic,2002,0.32
140,Central African Republic,2003,0.32
140,Central African Republic,2004,0.33
140,Central African Republic,2005,0.34
140,Central African Republic,2006,0.34
140,Central African Republic,2007,0.34
140,Central African Republic,2008,0.34
140,Central African Republic,2009,0.34
140,Central African Republic,2010,0.34
140,Central African Republic,2011,0.34
140,Central African Republic,2012,0.34
140,Central African Republic,2013,0.34
140,Central African Republic,2014,0.34
140,Central African Republic,2015,0.34
140,Central African Republic,2016,0.34
140,Central African Republic,2017,0.34
140,Central African Republic,2018,0.34
140,Central African Republic,2019,0.34
140,Central African Republic,2020,0.34
140,Central African Republic,2021,0.34
140,Central African Republic,2022,0.34
140,Central African Republic,2023,0.34
143,Central Asia,2000,74.65
143,Central Asia,2001,76.5
143,Central Asia,2002,75.72
143,Central Asia,2003,75.14
143,Central Asia,2004,80.8
143,Central Asia,2005,75.62
143,Central Asia,2006,79.08
143,Central Asia,2007,77.03
143,Central Asia,2008,69.65
143,Central Asia,2009,75.29
143,Central Asia,2010,78.4
143,Central Asia,2011,73.45
143,Central Asia,2012,79.33
143,Central Asia,2013,77.54
143,Central Asia,2014,75.63
143,Central Asia,2015,76.66
143,Central Asia,2016,75.19
143,Central Asia,2017,78.6
143,Central Asia,2018,77.3
143,Central Asia,2019,76.46
143,Central Asia,2020,74.37
143,Central Asia,2021,69.55
143,Central Asia,2022,70.08
143,Central Asia,2023,69.7
144,Sri Lanka,2000,91.24
144,Sri Lanka,2001,91.15
144,Sri Lanka,2002,91.06
144,Sri Lanka,2003,90.97
144,Sri Lanka,2004,90.88
144,Sri Lanka,2005,90.79
144,Sri Lanka,2006,90.79
144,Sri Lanka,2007,90.79
144,Sri Lanka,2008,90.79
144,Sri Lanka,2009,90.79
144,Sri Lanka,2010,90.79
144,Sri Lanka,2011,90.79
144,Sri Lanka,2012,90.79
144,Sri Lanka,2013,90.79
144,Sri Lanka,2014,90.79
144,Sri Lanka,2015,90.79
144,Sri Lanka,2016,90.79
144,Sri Lanka,2017,90.79
144,Sri Lanka,2018,90.79
144,Sri Lanka,2019,90.79
144,Sri Lanka,2020,90.79
144,Sri Lanka,2021,90.79
144,Sri Lanka,2022,90.79
144,Sri Lanka,2023,90.79
145,Western Asia,2000,63.0
145,Western Asia,2001,62.03
145,Western Asia,2002,61.43
145,Western Asia,2003,59.86
145,Western Asia,2004,59.91
145,Western Asia,2005,60.43
145,Western Asia,2006,63.99
145,Western Asia,2007,61.71
145,Western Asia,2008,58.56
145,Western Asia,2009,55.01
145,Western Asia,2010,57.25
145,Western Asia,2011,57.77
145,Western Asia,2012,61.19
145,Western Asia,2013,61.86
145,Western Asia,2014,61.62
145,Western Asia,2015,61.31
145,Western Asia,2016,65.14
145,Western Asia,2017,66.1
145,Western Asia,2018,64.3
145,Western Asia,2019,74.09
145,Western Asia,2020,71.2
145,Western Asia,2021,69.34
145,Western Asia,2022,68.27
145,Western Asia,2023,68.07
148,Chad,2000,3.81
148,Chad,2001,4.01
148,Chad,2002,4.21
148,Chad,2003,4.24
148,Chad,2004,4.27
148,Chad,2005,4.29
148,Chad,2006,4.29
148,Chad,2007,4.29
148,Chad,2008,4.29
148,Chad,2009,4.29
148,Chad,2010,4.29
148,Chad,2011,4.29
148,Chad,2012,4.29
148,Chad,2013,4.29
148,Chad,2014,4.29
148,Chad,2015,4.29
148,Chad,2016,4.29
148,Chad,2017,4.29
148,Chad,2018,4.29
148,Chad,2019,4.29
148,Chad,2020,4.29
148,Chad,2021,4.29
148,Chad,2022,4.29
148,Chad,2023,4.29
150,Europe,2000,10.86
150,Europe,2001,10.68
150,Europe,2002,10.58
150,Europe,2003,10.44
150,Europe,2004,10.3
150,Europe,2005,10.25
150,Europe,2006,10.19
150,Europe,2007,9.8
150,Europe,2008,10.47
150,Europe,2009,9.76
150,Europe,2010,9.54
150,Europe,2011,9.53
150,Europe,2012,9.3
150,Europe,2013,8.82
150,Europe,2014,8.96
150,Europe,2015,8.59
150,Europe,2016,8.46
150,Europe,2017,8.57
150,Europe,2018,8.57
150,Europe,2019,8.45
150,Europe,2020,8.15
150,Europe,2021,8.22
150,Europe,2022,8.11
150,Europe,2023,8.19
151,Eastern Europe,2000,6.1
151,Eastern Europe,2001,5.93
151,Eastern Europe,2002,5.84
151,Eastern Europe,2003,5.67
151,Eastern Europe,2004,5.47
151,Eastern Europe,2005,5.45
151,Eastern Europe,2006,5.41
151,Eastern Europe,2007,5.53
151,Eastern Europe,2008,5.48
151,Eastern Europe,2009,5.25
151,Eastern Europe,2010,5.27
151,Eastern Europe,2011,5.16
151,Eastern Europe,2012,5.0
151,Eastern Europe,2013,4.88
151,Eastern Europe,2014,4.95
151,Eastern Europe,2015,4.51
151,Eastern Europe,2016,4.61
151,Eastern Europe,2017,4.69
151,Eastern Europe,2018,4.67
151,Eastern Europe,2019,4.59
151,Eastern Europe,2020,4.22
151,Eastern Europe,2021,4.4
151,Eastern Europe,2022,4.33
151,Eastern Europe,2023,4.49
152,Chile,2000,7.35
152,Chile,2001,7.62
152,Chile,2002,7.9
152,Chile,2003,8.16
152,Chile,2004,8.43
152,Chile,2005,8.71
152,Chile,2006,8.98
152,Chile,2007,8.98
152,Chile,2008,8.98
152,Chile,2009,8.98
152,Chile,2010,8.98
152,Chile,2011,8.98
152,Chile,2012,8.98
152,Chile,2013,8.98
152,Chile,2014,8.98
152,Chile,2015,8.98
152,Chile,2016,8.98
152,Chile,2017,8.98
152,Chile,2018,8.98
152,Chile,2019,8.98
152,Chile,2020,8.98
152,Chile,2021,8.98
152,Chile,2022,8.98
152,Chile,2023,8.98
154,Northern Europe,2000,5.32
154,Northern Europe,2001,5.42
154,Northern Europe,2002,5.51
154,Northern Europe,2003,5.63
154,Northern Europe,2004,5.79
154,Northern Europe,2005,5.9
154,Northern Europe,2006,6.07
154,Northern Europe,2007,5.12
154,Northern Europe,2008,4.91
154,Northern Europe,2009,4.7
154,Northern Europe,2010,4.65
154,Northern Europe,2011,4.41
154,Northern Europe,2012,4.27
154,Northern Europe,2013,4.18
154,Northern Europe,2014,3.99
154,Northern Europe,2015,4.02
154,Northern Europe,2016,4.03
154,Northern Europe,2017,4.06
154,Northern Europe,2018,4.18
154,Northern Europe,2019,4.09
154,Northern Europe,2020,4.08
154,Northern Europe,2021,4.11
154,Northern Europe,2022,4.16
154,Northern Europe,2023,4.14
155,Western Europe,2000,49.19
155,Western Europe,2001,49.05
155,Western Europe,2002,48.58
155,Western Europe,2003,48.37
155,Western Europe,2004,48.35
155,Western Europe,2005,48.1
155,Western Europe,2006,47.02
155,Western Europe,2007,42.52
155,Western Europe,2008,44.49
155,Western Europe,2009,44.82
155,Western Europe,2010,41.46
155,Western Europe,2011,42.94
155,Western Europe,2012,40.71
155,Western Europe,2013,36.03
155,Western Europe,2014,38.25
155,Western Europe,2015,37.04
155,Western Europe,2016,33.58
155,Western Europe,2017,35.52
155,Western Europe,2018,35.57
155,Western Europe,2019,34.81
155,Western Europe,2020,34.06
155,Western Europe,2021,32.92
155,Western Europe,2022,32.34
155,Western Europe,2023,31.44
156,China,2000,40.43
156,China,2001,40.31
156,China,2002,40.0
156,China,2003,38.74
156,China,2004,40.39
156,China,2005,40.98
156,China,2006,42.16
156,China,2007,42.31
156,China,2008,42.95
156,China,2009,43.34
156,China,2010,43.74
156,China,2011,44.28
156,China,2012,44.45
156,China,2013,44.8
156,China,2014,44.09
156,China,2015,44.1
156,China,2016,43.6
156,China,2017,43.54
156,China,2018,43.3
156,China,2019,43.21
156,China,2020,41.52
156,China,2021,42.23
156,China,2022,42.52
156,China,2023,41.59
170,Colombia,2000,1.16
170,Colombia,2001,1.23
170,Colombia,2002,1.31
170,Colombia,2003,1.39
170,Colombia,2004,1.46
170,Colombia,2005,1.54
170,Colombia,2006,1.61
170,Colombia,2007,1.69
170,Colombia,2008,1.76
170,Colombia,2009,2.14
170,Colombia,2010,2.52
170,Colombia,2011,2.63
170,Colombia,2012,2.66
170,Colombia,2013,2.79
170,Colombia,2014,2.87
170,Colombia,2015,2.97
170,Colombia,2016,3.01
170,Colombia,2017,3.16
170,Colombia,2018,3.22
170,Colombia,2019,3.28
170,Colombia,2020,3.41
170,Colombia,2021,3.54
170,Colombia,2022,3.66
170,Colombia,2023,3.72
174,Comoros,2000,0.83
174,Comoros,2001,0.83
174,Comoros,2002,0.83
174,Comoros,2003,0.83
174,Comoros,2004,0.83
174,Comoros,2005,0.83
174,Comoros,2006,0.83
174,Comoros,2007,0.83
174,Comoros,2008,0.83
174,Comoros,2009,0.83
174,Comoros,2010,0.83
174,Comoros,2011,0.83
174,Comoros,2012,0.83
174,Comoros,2013,0.83
174,Comoros,2014,0.83
174,Comoros,2015,0.83
174,Comoros,2016,0.83
174,Comoros,2017,0.83
174,Comoros,2018,0.83
174,Comoros,2019,0.83
174,Comoros,2020,0.83
174,Comoros,2021,0.83
174,Comoros,2022,0.83
174,Comoros,2023,0.83
178,Congo,2000,0.03
178,Congo,2001,0.03
178,Congo,2002,0.03
178,Congo,2003,0.03
178,Congo,2004,0.03
178,Congo,2005,0.03
178,Congo,2006,0.03
178,Congo,2007,0.03
178,Congo,2008,0.03
178,Congo,2009,0.03
178,Congo,2010,0.03
178,Congo,2011,0.03
178,Congo,2012,0.03
178,Congo,2013,0.03
178,Congo,2014,0.03
178,Congo,2015,0.03
178,Congo,2016,0.03
178,Congo,2017,0.03
178,Congo,2018,0.03
178,Congo,2019,0.03
178,Congo,2020,0.03
178,Congo,2021,0.03
178,Congo,2022,0.03
178,Congo,2023,0.03
180,Democratic Republic of the Congo,2000,0.19
180,Democratic Republic of the Congo,2001,0.2
180,Democratic Republic of the Congo,2002,0.21
180,Democratic Republic of the Congo,2003,0.21
180,Democratic Republic of the Congo,2004,0.22
180,Democratic Republic of the Congo,2005,0.23
180,Democratic Republic of the Congo,2006,0.23
180,Democratic Republic of the Congo,2007,0.23
180,Democratic Republic of the Congo,2008,0.23
180,Democratic Republic of the Congo,2009,0.23
180,Democratic Republic of the Congo,2010,0.23
180,Democratic Republic of the Congo,2011,0.23
180,Democratic Republic of the Congo,2012,0.23
180,Democratic Republic of the Congo,2013,0.23
180,Democratic Republic of the Congo,2014,0.23
180,Democratic Republic of the Congo,2015,0.23
180,Democratic Republic of the Congo,2016,0.23
180,Democratic Republic of the Congo,2017,0.23
180,Democratic Republic of the Congo,2018,0.23
180,Democratic Republic of the Congo,2019,0.23
180,Democratic Republic of the Congo,2020,0.23
180,Democratic Republic of the Congo,2021,0.23
180,Democratic Republic of the Congo,2022,0.23
180,Democratic Republic of the Congo,2023,0.23
188,Costa Rica,2000,nan
188,Costa Rica,2001,nan
188,Costa Rica,2002,nan
188,Costa Rica,2003,nan
188,Costa Rica,2004,nan
188,Costa Rica,2005,0.24
188,Costa Rica,2006,0.35
188,Costa Rica,2007,0.46
188,Costa Rica,2008,0.66
188,Costa Rica,2009,0.83
188,Costa Rica,2010,1.46
188,Costa Rica,2011,1.82
188,Costa Rica,2012,3.99
188,Costa Rica,2013,4.21
188,Costa Rica,2014,4.68
188,Costa Rica,2015,5.45
188,Costa Rica,2016,4.99
188,Costa Rica,2017,4.16
188,Costa Rica,2018,5.21
188,Costa Rica,2019,5.36
188,Costa Rica,2020,5.35
188,Costa Rica,2021,5.88
188,Costa Rica,2022,5.88
188,Costa Rica,2023,5.88
191,Croatia,2000,nan
191,Croatia,2001,nan
191,Croatia,2002,1.28
191,Croatia,2003,1.36
191,Croatia,2004,1.35
191,Croatia,2005,1.34
191,Croatia,2006,1.64
191,Croatia,2007,1.56
191,Croatia,2008,1.47
191,Croatia,2009,1.53
191,Croatia,2010,1.52
191,Croatia,2011,1.48
191,Croatia,2012,1.45
191,Croatia,2013,1.4
191,Croatia,2014,1.29
191,Croatia,2015,1.38
191,Croatia,2016,1.42
191,Croatia,2017,1.5
191,Croatia,2018,1.49
191,Croatia,2019,1.49
191,Croatia,2020,1.46
191,Croatia,2021,1.48
191,Croatia,2022,1.56
191,Croatia,2023,1.61
192,Cuba,2000,18.02
192,Cuba,2001,18.03
192,Cuba,2002,18.05
192,Cuba,2003,18.07
192,Cuba,2004,18.37
192,Cuba,2005,13.12
192,Cuba,2006,18.58
192,Cuba,2007,18.73
192,Cuba,2008,22.3
192,Cuba,2009,23.44
192,Cuba,2010,23.05
192,Cuba,2011,22.55
192,Cuba,2012,26.06
192,Cuba,2013,23.94
192,Cuba,2014,27.61
192,Cuba,2015,20.77
192,Cuba,2016,20.61
192,Cuba,2017,22.92
192,Cuba,2018,25.41
192,Cuba,2019,24.35
192,Cuba,2020,22.94
192,Cuba,2021,22.17
192,Cuba,2022,22.17
192,Cuba,2023,22.17
196,Cyprus,2000,22.01
196,Cyprus,2001,20.5
196,Cyprus,2002,23.33
196,Cyprus,2003,23.15
196,Cyprus,2004,22.97
196,Cyprus,2005,22.79
196,Cyprus,2006,22.61
196,Cyprus,2007,22.43
196,Cyprus,2008,21.94
196,Cyprus,2009,25.19
196,Cyprus,2010,27.46
196,Cyprus,2011,30.18
196,Cyprus,2012,34.9
196,Cyprus,2013,28.27
196,Cyprus,2014,29.66
196,Cyprus,2015,31.71
196,Cyprus,2016,29.8
196,Cyprus,2017,29.52
196,Cyprus,2018,28.29
196,Cyprus,2019,27.61
196,Cyprus,2020,31.57
196,Cyprus,2021,32.12
196,Cyprus,2022,30.48
196,Cyprus,2023,30.75
199,Least Developed Countries (LDCs),2000,6.75
199,Least Developed Countries (LDCs),2001,6.84
199,Least Developed Countries (LDCs),2002,7.06
199,Least Developed Countries (LDCs),2003,7.13
199,Least Developed Countries (LDCs),2004,7.23
199,Least Developed Countries (LDCs),2005,6.97
199,Least Developed Countries (LDCs),2006,7.7
199,Least Developed Countries (LDCs),2007,7.64
199,Least Developed Countries (LDCs),2008,7.31
199,Least Developed Countries (LDCs),2009,7.26
199,Least Developed Countries (LDCs),2010,7.21
199,Least Developed Countries (LDCs),2011,7.35
199,Least Developed Countries (LDCs),2012,7.43
199,Least Developed Countries (LDCs),2013,7.54
199,Least Developed Countries (LDCs),2014,7.7
199,Least Developed Countries (LDCs),2015,7.87
199,Least Developed Countries (LDCs),2016,8.22
199,Least Developed Countries (LDCs),2017,8.1
199,Least Developed Countries (LDCs),2018,8.33
199,Least Developed Countries (LDCs),2019,8.51
199,Least Developed Countries (LDCs),2020,8.58
199,Least Developed Countries (LDCs),2021,8.63
199,Least Developed Countries (LDCs),2022,8.65
199,Least Developed Countries (LDCs),2023,8.36
202,Sub-Saharan Africa,2000,4.26
202,Sub-Saharan Africa,2001,4.45
202,Sub-Saharan Africa,2002,5.07
202,Sub-Saharan Africa,2003,5.22
202,Sub-Saharan Africa,2004,5.18
202,Sub-Saharan Africa,2005,5.4
202,Sub-Saharan Africa,2006,6.51
202,Sub-Saharan Africa,2007,6.41
202,Sub-Saharan Africa,2008,6.31
202,Sub-Saharan Africa,2009,6.2
202,Sub-Saharan Africa,2010,7.58
202,Sub-Saharan Africa,2011,7.82
202,Sub-Saharan Africa,2012,8.07
202,Sub-Saharan Africa,2013,8.22
202,Sub-Saharan Africa,2014,8.45
202,Sub-Saharan Africa,2015,8.86
202,Sub-Saharan Africa,2016,9.53
202,Sub-Saharan Africa,2017,9.33
202,Sub-Saharan Africa,2018,9.72
202,Sub-Saharan Africa,2019,10.04
202,Sub-Saharan Africa,2020,10.18
202,Sub-Saharan Africa,2021,10.19
202,Sub-Saharan Africa,2022,10.25
202,Sub-Saharan Africa,2023,9.76
203,Czechia,2000,32.57
203,Czechia,2001,30.79
203,Czechia,2002,29.02
203,Czechia,2003,29.2
203,Czechia,2004,29.39
203,Czechia,2005,29.58
203,Czechia,2006,29.76
203,Czechia,2007,29.95
203,Czechia,2008,30.23
203,Czechia,2009,29.61
203,Czechia,2010,29.67
203,Czechia,2011,28.7
203,Czechia,2012,27.99
203,Czechia,2013,25.1
203,Czechia,2014,25.09
203,Czechia,2015,24.38
203,Czechia,2016,24.86
203,Czechia,2017,24.79
203,Czechia,2018,24.18
203,Czechia,2019,22.9
203,Czechia,2020,20.77
203,Czechia,2021,20.5
203,Czechia,2022,21.99
203,Czechia,2023,20.13
204,Benin,2000,1.0
204,Benin,2001,0.98
204,Benin,2002,0.98
204,Benin,2003,0.98
204,Benin,2004,0.98
204,Benin,2005,0.98
204,Benin,2006,0.98
204,Benin,2007,0.98
204,Benin,2008,0.98
204,Benin,2009,0.98
204,Benin,2010,0.98
204,Benin,2011,0.98
204,Benin,2012,0.98
204,Benin,2013,0.98
204,Benin,2014,0.98
204,Benin,2015,0.98
204,Benin,2016,0.98
204,Benin,2017,0.98
204,Benin,2018,0.98
204,Benin,2019,0.98
204,Benin,2020,0.98
204,Benin,2021,0.98
204,Benin,2022,0.98
204,Benin,2023,0.98
208,Denmark,2000,20.53
208,Denmark,2001,19.1
208,Denmark,2002,17.67
208,Denmark,2003,17.45
208,Denmark,2004,17.23
208,Denmark,2005,17.01
208,Denmark,2006,16.02
208,Denmark,2007,15.02
208,Denmark,2008,18.82
208,Denmark,2009,17.84
208,Denmark,2010,21.87
208,Denmark,2011,23.41
208,Denmark,2012,19.7
208,Denmark,2013,27.29
208,Denmark,2014,26.75
208,Denmark,2015,21.95
208,Denmark,2016,23.99
208,Denmark,2017,24.22
208,Denmark,2018,29.9
208,Denmark,2019,25.57
208,Denmark,2020,25.62
208,Denmark,2021,26.09
208,Denmark,2022,25.89
208,Denmark,2023,26.63
212,Dominica,2000,8.3
212,Dominica,2001,8.3
212,Dominica,2002,8.3
212,Dominica,2003,8.3
212,Dominica,2004,8.3
212,Dominica,2005,8.58
212,Dominica,2006,8.87
212,Dominica,2007,9.15
212,Dominica,2008,9.43
212,Dominica,2009,9.72
212,Dominica,2010,10.0
212,Dominica,2011,10.0
212,Dominica,2012,10.0
212,Dominica,2013,10.0
212,Dominica,2014,10.0
212,Dominica,2015,10.0
212,Dominica,2016,10.0
212,Dominica,2017,10.0
212,Dominica,2018,10.0
212,Dominica,2019,10.0
212,Dominica,2020,10.0
212,Dominica,2021,10.0
212,Dominica,2022,10.0
212,Dominica,2023,10.0
214,Dominican Republic,2000,26.96
214,Dominican Republic,2001,27.61
214,Dominican Republic,2002,28.26
214,Dominican Republic,2003,28.91
214,Dominican Republic,2004,29.56
214,Dominican Republic,2005,30.21
214,Dominican Republic,2006,32.08
214,Dominican Republic,2007,33.95
214,Dominican Republic,2008,35.82
214,Dominican Republic,2009,37.68
214,Dominican Republic,2010,39.55
214,Dominican Republic,2011,39.55
214,Dominican Republic,2012,39.55
214,Dominican Republic,2013,39.55
214,Dominican Republic,2014,39.55
214,Dominican Republic,2015,39.55
214,Dominican Republic,2016,39.55
214,Dominican Republic,2017,39.55
214,Dominican Republic,2018,39.55
214,Dominican Republic,2019,39.55
214,Dominican Republic,2020,39.55
214,Dominican Republic,2021,39.55
214,Dominican Republic,2022,39.55
214,Dominican Republic,2023,39.55
218,Ecuador,2000,6.41
218,Ecuador,2001,6.48
218,Ecuador,2002,6.56
218,Ecuador,2003,6.63
218,Ecuador,2004,6.71
218,Ecuador,2005,6.78
218,Ecuador,2006,6.78
218,Ecuador,2007,6.78
218,Ecuador,2008,6.78
218,Ecuador,2009,6.78
218,Ecuador,2010,6.78
218,Ecuador,2011,6.78
218,Ecuador,2012,2.67
218,Ecuador,2013,2.04
218,Ecuador,2014,1.41
218,Ecuador,2015,0.79
218,Ecuador,2016,1.11
218,Ecuador,2017,1.1
218,Ecuador,2018,1.09
218,Ecuador,2019,1.14
218,Ecuador,2020,1.22
218,Ecuador,2021,1.24
218,Ecuador,2022,1.14
218,Ecuador,2023,1.14
222,El Salvador,2000,8.58
222,El Salvador,2001,9.51
222,El Salvador,2002,10.43
222,El Salvador,2003,11.36
222,El Salvador,2004,12.29
222,El Salvador,2005,13.21
222,El Salvador,2006,13.15
222,El Salvador,2007,13.08
222,El Salvador,2008,13.02
222,El Salvador,2009,12.95
222,El Salvador,2010,12.88
222,El Salvador,2011,12.82
222,El Salvador,2012,12.75
222,El Salvador,2013,12.69
222,El Salvador,2014,12.62
222,El Salvador,2015,12.55
222,El Salvador,2016,12.49
222,El Salvador,2017,12.42
222,El Salvador,2018,12.36
222,El Salvador,2019,12.29
222,El Salvador,2020,12.22
222,El Salvador,2021,12.16
222,El Salvador,2022,12.09
222,El Salvador,2023,12.72
226,Equatorial Guinea,2000,0.16
226,Equatorial Guinea,2001,0.17
226,Equatorial Guinea,2002,0.17
226,Equatorial Guinea,2003,0.17
226,Equatorial Guinea,2004,0.18
226,Equatorial Guinea,2005,0.18
226,Equatorial Guinea,2006,0.18
226,Equatorial Guinea,2007,0.18
226,Equatorial Guinea,2008,0.18
226,Equatorial Guinea,2009,0.18
226,Equatorial Guinea,2010,0.18
226,Equatorial Guinea,2011,0.18
226,Equatorial Guinea,2012,0.18
226,Equatorial Guinea,2013,0.18
226,Equatorial Guinea,2014,0.18
226,Equatorial Guinea,2015,0.18
226,Equatorial Guinea,2016,0.18
226,Equatorial Guinea,2017,0.18
226,Equatorial Guinea,2018,0.18
226,Equatorial Guinea,2019,0.18
226,Equatorial Guinea,2020,0.18
226,Equatorial Guinea,2021,0.18
226,Equatorial Guinea,2022,0.18
226,Equatorial Guinea,2023,0.18
231,Ethiopia,2000,nan
231,Ethiopia,2001,nan
231,Ethiopia,2002,17.0
231,Ethiopia,2003,19.34
231,Ethiopia,2004,21.69
231,Ethiopia,2005,24.04
231,Ethiopia,2006,24.79
231,Ethiopia,2007,25.54
231,Ethiopia,2008,26.28
231,Ethiopia,2009,27.03
231,Ethiopia,2010,27.78
231,Ethiopia,2011,28.52
231,Ethiopia,2012,29.27
231,Ethiopia,2013,30.02
231,Ethiopia,2014,30.76
231,Ethiopia,2015,31.51
231,Ethiopia,2016,32.26
231,Ethiopia,2017,32.26
231,Ethiopia,2018,32.26
231,Ethiopia,2019,32.26
231,Ethiopia,2020,32.26
231,Ethiopia,2021,32.26
231,Ethiopia,2022,32.26
231,Ethiopia,2023,32.26
232,Eritrea,2000,7.94
232,Eritrea,2001,8.75
232,Eritrea,2002,9.56
232,Eritrea,2003,10.37
232,Eritrea,2004,11.18
232,Eritrea,2005,11.18
232,Eritrea,2006,11.18
232,Eritrea,2007,11.18
232,Eritrea,2008,11.18
232,Eritrea,2009,11.18
232,Eritrea,2010,11.18
232,Eritrea,2011,11.18
232,Eritrea,2012,11.18
232,Eritrea,2013,11.18
232,Eritrea,2014,11.18
232,Eritrea,2015,11.18
232,Eritrea,2016,11.18
232,Eritrea,2017,11.18
232,Eritrea,2018,11.18
232,Eritrea,2019,11.18
232,Eritrea,2020,11.18
232,Eritrea,2021,11.18
232,Eritrea,2022,11.18
232,Eritrea,2023,11.18
233,Estonia,2000,15.13
233,Estonia,2001,15.21
233,Estonia,2002,15.3
233,Estonia,2003,16.21
233,Estonia,2004,17.12
233,Estonia,2005,18.03
233,Estonia,2006,18.94
233,Estonia,2007,19.85
233,Estonia,2008,17.36
233,Estonia,2009,14.91
233,Estonia,2010,19.94
233,Estonia,2011,20.28
233,Estonia,2012,17.65
233,Estonia,2013,18.92
233,Estonia,2014,18.61
233,Estonia,2015,17.48
233,Estonia,2016,18.95
233,Estonia,2017,19.32
233,Estonia,2018,17.41
233,Estonia,2019,10.89
233,Estonia,2020,9.23
233,Estonia,2021,10.82
233,Estonia,2022,13.05
233,Estonia,2023,8.58
242,Fiji,2000,0.29
242,Fiji,2001,0.29
242,Fiji,2002,0.29
242,Fiji,2003,0.29
242,Fiji,2004,0.3
242,Fiji,2005,0.3
242,Fiji,2006,0.3
242,Fiji,2007,0.3
242,Fiji,2008,0.3
242,Fiji,2009,0.3
242,Fiji,2010,0.3
242,Fiji,2011,0.3
242,Fiji,2012,0.3
242,Fiji,2013,0.48
242,Fiji,2014,0.46
242,Fiji,2015,0.49
242,Fiji,2016,0.5
242,Fiji,2017,0.51
242,Fiji,2018,0.51
242,Fiji,2019,0.55
242,Fiji,2020,0.57
242,Fiji,2021,0.56
242,Fiji,2022,0.56
242,Fiji,2023,0.55
246,Finland,2000,6.96
246,Finland,2001,8.4
246,Finland,2002,9.84
246,Finland,2003,11.27
246,Finland,2004,12.7
246,Finland,2005,14.13
246,Finland,2006,15.56
246,Finland,2007,14.55
246,Finland,2008,13.54
246,Finland,2009,12.53
246,Finland,2010,11.52
246,Finland,2011,10.51
246,Finland,2012,9.5
246,Finland,2013,8.49
246,Finland,2014,7.48
246,Finland,2015,6.46
246,Finland,2016,5.45
246,Finland,2017,5.45
246,Finland,2018,6.64
246,Finland,2019,7.11
246,Finland,2020,7.11
246,Finland,2021,7.11
246,Finland,2022,7.11
246,Finland,2023,7.11
250,France,2000,28.63
250,France,2001,28.47
250,France,2002,28.32
250,France,2003,28.64
250,France,2004,28.96
250,France,2005,29.28
250,France,2006,28.21
250,France,2007,27.13
250,France,2008,25.09
250,France,2009,24.92
250,France,2010,25.02
250,France,2011,26.39
250,France,2012,24.57
250,France,2013,23.77
250,France,2014,23.9
250,France,2015,24.61
250,France,2016,23.14
250,France,2017,23.59
250,France,2018,23.57
250,France,2019,22.95
250,France,2020,21.6
250,France,2021,21.76
250,France,2022,21.39
250,France,2023,20.57
254,French Guiana,2000,nan
254,French Guiana,2001,nan
254,French Guiana,2002,nan
254,French Guiana,2003,nan
254,French Guiana,2004,nan
254,French Guiana,2005,nan
254,French Guiana,2006,nan
254,French Guiana,2007,nan
254,French Guiana,2008,nan
254,French Guiana,2009,nan
254,French Guiana,2010,nan
254,French Guiana,2011,nan
254,French Guiana,2012,0.01
254,French Guiana,2013,0.01
254,French Guiana,2014,0.01
254,French Guiana,2015,0.01
254,French Guiana,2016,0.01
254,French Guiana,2017,0.01
254,French Guiana,2018,0.02
254,French Guiana,2019,0.02
254,French Guiana,2020,0.02
254,French Guiana,2021,0.02
254,French Guiana,2022,0.02
254,French Guiana,2023,0.02
262,Djibouti,2000,6.33
262,Djibouti,2001,6.33
262,Djibouti,2002,6.33
262,Djibouti,2003,6.33
262,Djibouti,2004,6.33
262,Djibouti,2005,6.33
262,Djibouti,2006,6.33
262,Djibouti,2007,6.33
262,Djibouti,2008,6.33
262,Djibouti,2009,6.33
262,Djibouti,2010,6.33
262,Djibouti,2011,6.33
262,Djibouti,2012,6.33
262,Djibouti,2013,6.33
262,Djibouti,2014,6.33
262,Djibouti,2015,6.33
262,Djibouti,2016,6.33
262,Djibouti,2017,6.33
262,Djibouti,2018,6.33
262,Djibouti,2019,6.33
262,Djibouti,2020,6.33
262,Djibouti,2021,6.33
262,Djibouti,2022,6.33
262,Djibouti,2023,6.33
266,Gabon,2000,0.43
266,Gabon,2001,0.45
266,Gabon,2002,0.46
266,Gabon,2003,0.48
266,Gabon,2004,0.49
266,Gabon,2005,0.5
266,Gabon,2006,0.5
266,Gabon,2007,0.5
266,Gabon,2008,0.5
266,Gabon,2009,0.5
266,Gabon,2010,0.5
266,Gabon,2011,0.5
266,Gabon,2012,0.5
266,Gabon,2013,0.5
266,Gabon,2014,0.5
266,Gabon,2015,0.5
266,Gabon,2016,0.5
266,Gabon,2017,0.5
266,Gabon,2018,0.5
266,Gabon,2019,0.5
266,Gabon,2020,0.5
266,Gabon,2021,0.5
266,Gabon,2022,0.5
266,Gabon,2023,0.5
268,Georgia,2000,6.55
268,Georgia,2001,6.68
268,Georgia,2002,5.97
268,Georgia,2003,5.26
268,Georgia,2004,4.32
268,Georgia,2005,5.91
268,Georgia,2006,5.49
268,Georgia,2007,5.54
268,Georgia,2008,5.94
268,Georgia,2009,6.04
268,Georgia,2010,6.35
268,Georgia,2011,7.05
268,Georgia,2012,7.86
268,Georgia,2013,6.9
268,Georgia,2014,6.74
268,Georgia,2015,6.07
268,Georgia,2016,6.87
268,Georgia,2017,4.48
268,Georgia,2018,4.21
268,Georgia,2019,5.12
268,Georgia,2020,5.39
268,Georgia,2021,5.24
268,Georgia,2022,4.21
268,Georgia,2023,4.21
270,Gambia,2000,1.97
270,Gambia,2001,2.02
270,Gambia,2002,2.06
270,Gambia,2003,2.11
270,Gambia,2004,2.16
270,Gambia,2005,2.21
270,Gambia,2006,2.21
270,Gambia,2007,2.21
270,Gambia,2008,2.21
270,Gambia,2009,2.21
270,Gambia,2010,2.21
270,Gambia,2011,2.21
270,Gambia,2012,2.21
270,Gambia,2013,2.21
270,Gambia,2014,2.21
270,Gambia,2015,2.21
270,Gambia,2016,2.21
270,Gambia,2017,2.21
270,Gambia,2018,2.21
270,Gambia,2019,2.21
270,Gambia,2020,2.21
270,Gambia,2021,2.21
270,Gambia,2022,2.21
270,Gambia,2023,2.21
275,State of Palestine,2000,40.08
275,State of Palestine,2001,38.58
275,State of Palestine,2002,44.75
275,State of Palestine,2003,49.71
275,State of Palestine,2004,53.95
275,State of Palestine,2005,58.19
275,State of Palestine,2006,55.04
275,State of Palestine,2007,51.9
275,State of Palestine,2008,48.75
275,State of Palestine,2009,45.6
275,State of Palestine,2010,42.45
275,State of Palestine,2011,41.12
275,State of Palestine,2012,47.34
275,State of Palestine,2013,48.77
275,State of Palestine,2014,43.16
275,State of Palestine,2015,47.34
275,State of Palestine,2016,44.16
275,State of Palestine,2017,44.43
275,State of Palestine,2018,46.38
275,State of Palestine,2019,52.8
275,State of Palestine,2020,57.87
275,State of Palestine,2021,53.29
275,State of Palestine,2022,53.29
275,State of Palestine,2023,45.21
276,Germany,2000,61.52
276,Germany,2001,61.3
276,Germany,2002,59.93
276,Germany,2003,58.18
276,Germany,2004,56.97
276,Germany,2005,55.12
276,Germany,2006,54.43
276,Germany,2007,44.21
276,Germany,2008,53.41
276,Germany,2009,53.89
276,Germany,2010,45.22
276,Germany,2011,49.52
276,Germany,2012,45.27
276,Germany,2013,34.71
276,Germany,2014,42.71
276,Germany,2015,40.53
276,Germany,2016,33.5
276,Germany,2017,38.15
276,Germany,2018,37.22
276,Germany,2019,35.72
276,Germany,2020,35.83
276,Germany,2021,32.86
276,Germany,2022,31.46
276,Germany,2023,31.46
288,Ghana,2000,4.28
288,Ghana,2001,4.4
288,Ghana,2002,4.52
288,Ghana,2003,4.64
288,Ghana,2004,4.75
288,Ghana,2005,4.87
288,Ghana,2006,4.99
288,Ghana,2007,5.11
288,Ghana,2008,5.23
288,Ghana,2009,5.34
288,Ghana,2010,5.46
288,Ghana,2011,5.59
288,Ghana,2012,5.73
288,Ghana,2013,5.83
288,Ghana,2014,5.93
288,Ghana,2015,6.27
288,Ghana,2016,6.31
288,Ghana,2017,6.31
288,Ghana,2018,6.31
288,Ghana,2019,6.31
288,Ghana,2020,6.31
288,Ghana,2021,0.4
288,Ghana,2022,0.55
288,Ghana,2023,0.48
300,Greece,2000,18.24
300,Greece,2001,18.46
300,Greece,2002,18.69
300,Greece,2003,18.96
300,Greece,2004,19.23
300,Greece,2005,19.51
300,Greece,2006,19.49
300,Greece,2007,19.46
300,Greece,2008,19.62
300,Greece,2009,19.78
300,Greece,2010,19.94
300,Greece,2011,20.1
300,Greece,2012,20.1
300,Greece,2013,20.08
300,Greece,2014,20.06
300,Greece,2015,20.04
300,Greece,2016,20.51
300,Greece,2017,20.5
300,Greece,2018,20.48
300,Greece,2019,20.46
300,Greece,2020,20.48
300,Greece,2021,20.41
300,Greece,2022,17.77
300,Greece,2023,17.74
308,Grenada,2000,nan
308,Grenada,2001,nan
308,Grenada,2002,nan
308,Grenada,2003,nan
308,Grenada,2004,nan
308,Grenada,2005,5.0
308,Grenada,2006,5.23
308,Grenada,2007,5.46
308,Grenada,2008,5.68
308,Grenada,2009,5.91
308,Grenada,2010,6.14
308,Grenada,2011,6.37
308,Grenada,2012,6.59
308,Grenada,2013,6.82
308,Grenada,2014,7.05
308,Grenada,2015,7.05
308,Grenada,2016,7.05
308,Grenada,2017,7.05
308,Grenada,2018,7.05
308,Grenada,2019,7.05
308,Grenada,2020,7.05
308,Grenada,2021,7.05
308,Grenada,2022,7.05
308,Grenada,2023,7.05
320,Guatemala,2000,nan
320,Guatemala,2001,34.22
320,Guatemala,2002,35.81
320,Guatemala,2003,37.05
320,Guatemala,2004,5.12
320,Guatemala,2005,37.24
320,Guatemala,2006,42.91
320,Guatemala,2007,45.78
320,Guatemala,2008,48.09
320,Guatemala,2009,47.65
320,Guatemala,2010,48.56
320,Guatemala,2011,5.74
320,Guatemala,2012,5.74
320,Guatemala,2013,5.74
320,Guatemala,2014,5.74
320,Guatemala,2015,5.74
320,Guatemala,2016,5.74
320,Guatemala,2017,5.74
320,Guatemala,2018,5.74
320,Guatemala,2019,5.74
320,Guatemala,2020,5.74
320,Guatemala,2021,5.74
320,Guatemala,2022,5.74
320,Guatemala,2023,5.74
324,Guinea,2000,0.89
324,Guinea,2001,0.86
324,Guinea,2002,0.86
324,Guinea,2003,0.87
324,Guinea,2004,0.88
324,Guinea,2005,0.88
324,Guinea,2006,0.92
324,Guinea,2007,0.96
324,Guinea,2008,1.0
324,Guinea,2009,1.03
324,Guinea,2010,1.07
324,Guinea,2011,1.11
324,Guinea,2012,1.14
324,Guinea,2013,1.18
324,Guinea,2014,1.22
324,Guinea,2015,1.26
324,Guinea,2016,1.29
324,Guinea,2017,1.33
324,Guinea,2018,1.37
324,Guinea,2019,1.37
324,Guinea,2020,1.37
324,Guinea,2021,1.37
324,Guinea,2022,1.37
324,Guinea,2023,1.37
328,Guyana,2000,3.74
328,Guyana,2001,3.71
328,Guyana,2002,3.67
328,Guyana,2003,3.64
328,Guyana,2004,0.16
328,Guyana,2005,3.57
328,Guyana,2006,0.23
328,Guyana,2007,0.25
328,Guyana,2008,0.27
328,Guyana,2009,0.25
328,Guyana,2010,3.3
328,Guyana,2011,3.3
328,Guyana,2012,0.31
328,Guyana,2013,0.31
328,Guyana,2014,0.31
328,Guyana,2015,0.31
328,Guyana,2016,0.31
328,Guyana,2017,0.31
328,Guyana,2018,0.31
328,Guyana,2019,0.31
328,Guyana,2020,0.31
328,Guyana,2021,0.31
328,Guyana,2022,0.31
328,Guyana,2023,0.31
332,Haiti,2000,12.4
332,Haiti,2001,12.51
332,Haiti,2002,12.62
332,Haiti,2003,12.73
332,Haiti,2004,12.84
332,Haiti,2005,12.95
332,Haiti,2006,13.06
332,Haiti,2007,13.17
332,Haiti,2008,13.27
332,Haiti,2009,13.38
332,Haiti,2010,13.38
332,Haiti,2011,13.38
332,Haiti,2012,13.38
332,Haiti,2013,13.38
332,Haiti,2014,13.38
332,Haiti,2015,13.38
332,Haiti,2016,13.38
332,Haiti,2017,13.38
332,Haiti,2018,13.38
332,Haiti,2019,13.38
332,Haiti,2020,13.38
332,Haiti,2021,13.38
332,Haiti,2022,13.38
332,Haiti,2023,13.38
340,Honduras,2000,nan
340,Honduras,2001,nan
340,Honduras,2002,nan
340,Honduras,2003,4.62
340,Honduras,2004,4.62
340,Honduras,2005,4.62
340,Honduras,2006,4.62
340,Honduras,2007,4.62
340,Honduras,2008,4.62
340,Honduras,2009,4.62
340,Honduras,2010,4.62
340,Honduras,2011,4.62
340,Honduras,2012,4.62
340,Honduras,2013,4.62
340,Honduras,2014,4.62
340,Honduras,2015,4.62
340,Honduras,2016,4.62
340,Honduras,2017,4.62
340,Honduras,2018,4.62
340,Honduras,2019,4.62
340,Honduras,2020,4.62
340,Honduras,2021,4.62
340,Honduras,2022,4.62
340,Honduras,2023,4.62
348,Hungary,2000,10.09
348,Hungary,2001,10.02
348,Hungary,2002,9.95
348,Hungary,2003,9.85
348,Hungary,2004,9.76
348,Hungary,2005,9.66
348,Hungary,2006,9.57
348,Hungary,2007,9.48
348,Hungary,2008,9.38
348,Hungary,2009,10.95
348,Hungary,2010,9.27
348,Hungary,2011,9.02
348,Hungary,2012,8.72
348,Hungary,2013,9.07
348,Hungary,2014,6.78
348,Hungary,2015,6.96
348,Hungary,2016,6.84
348,Hungary,2017,8.18
348,Hungary,2018,8.49
348,Hungary,2019,7.71
348,Hungary,2020,7.74
348,Hungary,2021,7.72
348,Hungary,2022,8.11
348,Hungary,2023,7.63
352,Iceland,2000,0.22
352,Iceland,2001,0.22
352,Iceland,2002,0.22
352,Iceland,2003,0.22
352,Iceland,2004,0.22
352,Iceland,2005,0.25
352,Iceland,2006,0.27
352,Iceland,2007,0.29
352,Iceland,2008,0.31
352,Iceland,2009,0.34
352,Iceland,2010,0.36
352,Iceland,2011,0.38
352,Iceland,2012,0.4
352,Iceland,2013,0.4
352,Iceland,2014,0.37
352,Iceland,2015,0.38
352,Iceland,2016,0.35
352,Iceland,2017,0.39
352,Iceland,2018,0.39
352,Iceland,2019,0.39
352,Iceland,2020,0.39
352,Iceland,2021,0.39
352,Iceland,2022,0.39
352,Iceland,2023,0.39
356,India,2000,62.68
356,India,2001,64.23
356,India,2002,65.78
356,India,2003,67.32
356,India,2004,64.21
356,India,2005,64.59
356,India,2006,64.97
356,India,2007,65.35
356,India,2008,65.73
356,India,2009,66.11
356,India,2010,66.49
356,India,2011,66.43
356,India,2012,66.37
356,India,2013,66.31
356,India,2014,66.24
356,India,2015,66.18
356,India,2016,66.12
356,India,2017,66.06
356,India,2018,65.99
356,India,2019,65.93
356,India,2020,65.87
356,India,2021,65.87
356,India,2022,65.87
356,India,2023,65.87
360,Indonesia,2000,15.11
360,Indonesia,2001,16.02
360,Indonesia,2002,16.93
360,Indonesia,2003,17.84
360,Indonesia,2004,18.76
360,Indonesia,2005,19.67
360,Indonesia,2006,20.58
360,Indonesia,2007,21.49
360,Indonesia,2008,22.4
360,Indonesia,2009,23.31
360,Indonesia,2010,24.23
360,Indonesia,2011,25.14
360,Indonesia,2012,26.05
360,Indonesia,2013,26.96
360,Indonesia,2014,27.87
360,Indonesia,2015,28.78
360,Indonesia,2016,29.7
360,Indonesia,2017,29.7
360,Indonesia,2018,29.7
360,Indonesia,2019,29.7
360,Indonesia,2020,29.7
360,Indonesia,2021,29.7
360,Indonesia,2022,29.7
360,Indonesia,2023,29.7
364,Iran (Islamic Republic of),2000,77.39
364,Iran (Islamic Republic of),2001,78.4
364,Iran (Islamic Republic of),2002,79.41
364,Iran (Islamic Republic of),2003,80.41
364,Iran (Islamic Republic of),2004,81.29
364,Iran (Islamic Republic of),2005,83.4
364,Iran (Islamic Republic of),2006,85.52
364,Iran (Islamic Republic of),2007,87.63
364,Iran (Islamic Republic of),2008,89.75
364,Iran (Islamic Republic of),2009,91.86
364,Iran (Islamic Republic of),2010,93.98
364,Iran (Islamic Republic of),2011,96.09
364,Iran (Islamic Republic of),2012,94.35
364,Iran (Islamic Republic of),2013,92.61
364,Iran (Islamic Republic of),2014,90.87
364,Iran (Islamic Republic of),2015,89.13
364,Iran (Islamic Republic of),2016,87.39
364,Iran (Islamic Republic of),2017,85.65
364,Iran (Islamic Republic of),2018,83.91
364,Iran (Islamic Republic of),2019,82.17
364,Iran (Islamic Republic of),2020,80.43
364,Iran (Islamic Republic of),2021,80.43
364,Iran (Islamic Republic of),2022,80.43
364,Iran (Islamic Republic of),2023,80.43
368,Iraq,2000,92.69
368,Iraq,2001,90.08
368,Iraq,2002,87.47
368,Iraq,2003,84.86
368,Iraq,2004,82.25
368,Iraq,2005,79.64
368,Iraq,2006,89.89
368,Iraq,2007,82.44
368,Iraq,2008,72.75
368,Iraq,2009,58.15
368,Iraq,2010,66.57
368,Iraq,2011,62.78
368,Iraq,2012,68.82
368,Iraq,2013,68.68
368,Iraq,2014,65.74
368,Iraq,2015,58.84
368,Iraq,2016,65.31
368,Iraq,2017,70.3
368,Iraq,2018,59.95
368,Iraq,2019,93.9
368,Iraq,2020,83.62
368,Iraq,2021,80.48
368,Iraq,2022,67.81
368,Iraq,2023,67.81
372,Ireland,2000,4.67
372,Ireland,2001,4.5
372,Ireland,2002,4.34
372,Ireland,2003,4.17
372,Ireland,2004,4.01
372,Ireland,2005,3.85
372,Ireland,2006,3.68
372,Ireland,2007,3.51
372,Ireland,2008,3.58
372,Ireland,2009,3.64
372,Ireland,2010,4.06
372,Ireland,2011,4.47
372,Ireland,2012,4.88
372,Ireland,2013,5.29
372,Ireland,2014,5.7
372,Ireland,2015,6.12
372,Ireland,2016,6.53
372,Ireland,2017,6.94
372,Ireland,2018,7.35
372,Ireland,2019,7.4
372,Ireland,2020,7.43
372,Ireland,2021,7.61
372,Ireland,2022,8.05
372,Ireland,2023,9.42
376,Israel,2000,139.19
376,Israel,2001,136.18
376,Israel,2002,133.16
376,Israel,2003,148.39
376,Israel,2004,122.42
376,Israel,2005,121.29
376,Israel,2006,120.15
376,Israel,2007,119.01
376,Israel,2008,117.88
376,Israel,2009,116.74
376,Israel,2010,115.61
376,Israel,2011,112.24
376,Israel,2012,108.88
376,Israel,2013,105.51
376,Israel,2014,102.15
376,Israel,2015,98.78
376,Israel,2016,103.44
376,Israel,2017,103.61
376,Israel,2018,95.94
376,Israel,2019,100.42
376,Israel,2020,110.09
376,Israel,2021,132.0
376,Israel,2022,129.67
376,Israel,2023,119.58
380,Italy,2000,39.7
380,Italy,2001,38.23
380,Italy,2002,36.76
380,Italy,2003,35.3
380,Italy,2004,33.83
380,Italy,2005,32.32
380,Italy,2006,30.88
380,Italy,2007,29.44
380,Italy,2008,47.2
380,Italy,2009,29.6
380,Italy,2010,29.7
380,Italy,2011,29.79
380,Italy,2012,29.88
380,Italy,2013,29.94
380,Italy,2014,29.93
380,Italy,2015,29.92
380,Italy,2016,29.84
380,Italy,2017,29.76
380,Italy,2018,29.68
380,Italy,2019,29.82
380,Italy,2020,29.8
380,Italy,2021,29.74
380,Italy,2022,29.77
380,Italy,2023,29.77
384,Côte d'Ivoire,2000,6.17
384,Côte d'Ivoire,2001,6.29
384,Côte d'Ivoire,2002,6.41
384,Côte d'Ivoire,2003,6.54
384,Côte d'Ivoire,2004,6.66
384,Côte d'Ivoire,2005,6.78
384,Côte d'Ivoire,2006,6.59
384,Côte d'Ivoire,2007,6.4
384,Côte d'Ivoire,2008,6.21
384,Côte d'Ivoire,2009,6.02
384,Côte d'Ivoire,2010,5.84
384,Côte d'Ivoire,2011,5.65
384,Côte d'Ivoire,2012,5.46
384,Côte d'Ivoire,2013,5.28
384,Côte d'Ivoire,2014,5.09
384,Côte d'Ivoire,2015,5.09
384,Côte d'Ivoire,2016,5.09
384,Côte d'Ivoire,2017,5.09
384,Côte d'Ivoire,2018,5.09
384,Côte d'Ivoire,2019,5.09
384,Côte d'Ivoire,2020,5.09
384,Côte d'Ivoire,2021,5.09
384,Côte d'Ivoire,2022,5.09
384,Côte d'Ivoire,2023,5.09
388,Jamaica,2000,9.62
388,Jamaica,2001,9.77
388,Jamaica,2002,9.92
388,Jamaica,2003,10.07
388,Jamaica,2004,10.22
388,Jamaica,2005,10.37
388,Jamaica,2006,10.52
388,Jamaica,2007,10.67
388,Jamaica,2008,10.82
388,Jamaica,2009,10.97
388,Jamaica,2010,11.12
388,Jamaica,2011,11.92
388,Jamaica,2012,12.72
388,Jamaica,2013,13.52
388,Jamaica,2014,14.32
388,Jamaica,2015,7.67
388,Jamaica,2016,12.47
388,Jamaica,2017,12.34
388,Jamaica,2018,12.21
388,Jamaica,2019,12.09
388,Jamaica,2020,11.05
388,Jamaica,2021,12.38
388,Jamaica,2022,12.38
388,Jamaica,2023,12.38
392,Japan,2000,41.56
392,Japan,2001,40.2
392,Japan,2002,38.83
392,Japan,2003,38.67
392,Japan,2004,38.51
392,Japan,2005,38.36
392,Japan,2006,38.2
392,Japan,2007,38.05
392,Japan,2008,37.69
392,Japan,2009,37.34
392,Japan,2010,37.24
392,Japan,2011,37.14
392,Japan,2012,37.04
392,Japan,2013,36.94
392,Japan,2014,36.84
392,Japan,2015,36.74
392,Japan,2016,36.64
392,Japan,2017,36.46
392,Japan,2018,36.37
392,Japan,2019,36.05
392,Japan,2020,36.64
392,Japan,2021,36.14
392,Japan,2022,35.4
392,Japan,2023,35.4
398,Kazakhstan,2000,29.12
398,Kazakhstan,2001,28.9
398,Kazakhstan,2002,30.87
398,Kazakhstan,2003,31.85
398,Kazakhstan,2004,32.78
398,Kazakhstan,2005,34.39
398,Kazakhstan,2006,29.46
398,Kazakhstan,2007,31.65
398,Kazakhstan,2008,28.39
398,Kazakhstan,2009,33.09
398,Kazakhstan,2010,30.51
398,Kazakhstan,2011,29.68
398,Kazakhstan,2012,31.34
398,Kazakhstan,2013,32.05
398,Kazakhstan,2014,32.01
398,Kazakhstan,2015,30.04
398,Kazakhstan,2016,30.0
398,Kazakhstan,2017,31.14
398,Kazakhstan,2018,32.65
398,Kazakhstan,2019,32.62
398,Kazakhstan,2020,34.1
398,Kazakhstan,2021,33.78
398,Kazakhstan,2022,34.4
398,Kazakhstan,2023,33.57
400,Jordan,2000,82.47
400,Jordan,2001,84.84
400,Jordan,2002,81.67
400,Jordan,2003,81.37
400,Jordan,2004,84.7
400,Jordan,2005,95.94
400,Jordan,2006,92.48
400,Jordan,2007,92.83
400,Jordan,2008,91.19
400,Jordan,2009,83.97
400,Jordan,2010,86.92
400,Jordan,2011,88.16
400,Jordan,2012,89.69
400,Jordan,2013,89.5
400,Jordan,2014,107.41
400,Jordan,2015,96.16
400,Jordan,2016,100.08
400,Jordan,2017,100.44
400,Jordan,2018,102.23
400,Jordan,2019,104.31
400,Jordan,2020,106.05
400,Jordan,2021,102.52
400,Jordan,2022,105.2
400,Jordan,2023,105.2
404,Kenya,2000,12.86
404,Kenya,2001,14.95
404,Kenya,2002,17.04
404,Kenya,2003,19.13
404,Kenya,2004,20.18
404,Kenya,2005,21.24
404,Kenya,2006,22.3
404,Kenya,2007,23.36
404,Kenya,2008,24.41
404,Kenya,2009,25.47
404,Kenya,2010,26.53
404,Kenya,2011,26.53
404,Kenya,2012,26.54
404,Kenya,2013,26.54
404,Kenya,2014,26.54
404,Kenya,2015,26.55
404,Kenya,2016,33.24
404,Kenya,2017,28.58
404,Kenya,2018,23.93
404,Kenya,2019,19.27
404,Kenya,2020,14.61
404,Kenya,2021,9.96
404,Kenya,2022,11.28
404,Kenya,2023,11.2
408,Democratic People's Republic of Korea,2000,27.41
408,Democratic People's Republic of Korea,2001,27.48
408,Democratic People's Republic of Korea,2002,27.54
408,Democratic People's Republic of Korea,2003,27.61
408,Democratic People's Republic of Korea,2004,27.67
408,Democratic People's Republic of Korea,2005,27.74
408,Democratic People's Republic of Korea,2006,27.74
408,Democratic People's Republic of Korea,2007,27.74
408,Democratic People's Republic of Korea,2008,27.74
408,Democratic People's Republic of Korea,2009,27.74
408,Democratic People's Republic of Korea,2010,27.74
408,Democratic People's Republic of Korea,2011,27.74
408,Democratic People's Republic of Korea,2012,27.74
408,Democratic People's Republic of Korea,2013,27.74
408,Democratic People's Republic of Korea,2014,27.74
408,Democratic People's Republic of Korea,2015,27.74
408,Democratic People's Republic of Korea,2016,27.74
408,Democratic People's Republic of Korea,2017,27.74
408,Democratic People's Republic of Korea,2018,27.74
408,Democratic People's Republic of Korea,2019,27.74
408,Democratic People's Republic of Korea,2020,27.74
408,Democratic People's Republic of Korea,2021,27.74
408,Democratic People's Republic of Korea,2022,27.74
408,Democratic People's Republic of Korea,2023,27.74
410,Republic of Korea,2000,80.78
410,Republic of Korea,2001,82.96
410,Republic of Korea,2002,85.14
410,Republic of Korea,2003,85.17
410,Republic of Korea,2004,85.19
410,Republic of Korea,2005,85.22
410,Republic of Korea,2006,85.22
410,Republic of Korea,2007,85.22
410,Republic of Korea,2008,85.22
410,Republic of Korea,2009,85.22
410,Republic of Korea,2010,85.22
410,Republic of Korea,2011,85.22
410,Republic of Korea,2012,85.22
410,Republic of Korea,2013,85.22
410,Republic of Korea,2014,85.22
410,Republic of Korea,2015,85.22
410,Republic of Korea,2016,85.22
410,Republic of Korea,2017,85.22
410,Republic of Korea,2018,85.22
410,Republic of Korea,2019,85.22
410,Republic of Korea,2020,85.22
410,Republic of Korea,2021,85.22
410,Republic of Korea,2022,85.22
410,Republic of Korea,2023,85.22
414,Kuwait,2000,1928.63
414,Kuwait,2001,2061.31
414,Kuwait,2002,2075.0
414,Kuwait,2003,1037.65
414,Kuwait,2004,0.3
414,Kuwait,2005,0.3
414,Kuwait,2006,0.3
414,Kuwait,2007,0.3
414,Kuwait,2008,0.3
414,Kuwait,2009,0.3
414,Kuwait,2010,0.3
414,Kuwait,2011,0.3
414,Kuwait,2012,0.3
414,Kuwait,2013,0.3
414,Kuwait,2014,0.3
414,Kuwait,2015,3399.0
414,Kuwait,2016,3575.0
414,Kuwait,2017,3850.5
414,Kuwait,2018,3850.5
414,Kuwait,2019,3850.5
414,Kuwait,2020,3850.5
414,Kuwait,2021,3850.5
414,Kuwait,2022,3850.5
414,Kuwait,2023,3850.5
417,Kyrgyzstan,2000,52.11
417,Kyrgyzstan,2001,67.46
417,Kyrgyzstan,2002,54.95
417,Kyrgyzstan,2003,49.05
417,Kyrgyzstan,2004,50.97
417,Kyrgyzstan,2005,51.21
417,Kyrgyzstan,2006,50.04
417,Kyrgyzstan,2007,55.38
417,Kyrgyzstan,2008,54.99
417,Kyrgyzstan,2009,49.35
417,Kyrgyzstan,2010,49.1
417,Kyrgyzstan,2011,56.53
417,Kyrgyzstan,2012,61.97
417,Kyrgyzstan,2013,54.82
417,Kyrgyzstan,2014,49.72
417,Kyrgyzstan,2015,48.37
417,Kyrgyzstan,2016,47.72
417,Kyrgyzstan,2017,49.72
417,Kyrgyzstan,2018,49.72
417,Kyrgyzstan,2019,49.72
417,Kyrgyzstan,2020,49.72
417,Kyrgyzstan,2021,49.72
417,Kyrgyzstan,2022,49.72
417,Kyrgyzstan,2023,49.72
418,Lao People's Democratic Republic,2000,nan
418,Lao People's Democratic Republic,2001,nan
418,Lao People's Democratic Republic,2002,nan
418,Lao People's Democratic Republic,2003,nan
418,Lao People's Democratic Republic,2004,nan
418,Lao People's Democratic Republic,2005,2.28
418,Lao People's Democratic Republic,2006,2.57
418,Lao People's Democratic Republic,2007,2.87
418,Lao People's Democratic Republic,2008,3.16
418,Lao People's Democratic Republic,2009,3.46
418,Lao People's Democratic Republic,2010,3.75
418,Lao People's Democratic Republic,2011,4.05
418,Lao People's Democratic Republic,2012,4.34
418,Lao People's Democratic Republic,2013,4.64
418,Lao People's Democratic Republic,2014,4.93
418,Lao People's Democratic Republic,2015,5.12
418,Lao People's Democratic Republic,2016,4.99
418,Lao People's Democratic Republic,2017,4.77
418,Lao People's Democratic Republic,2018,4.77
418,Lao People's Democratic Republic,2019,4.79
418,Lao People's Democratic Republic,2020,4.79
418,Lao People's Democratic Republic,2021,4.79
418,Lao People's Democratic Republic,2022,4.79
418,Lao People's Democratic Republic,2023,4.79
419,Latin America and the Caribbean,2000,4.76
419,Latin America and the Caribbean,2001,5.21
419,Latin America and the Caribbean,2002,5.4
419,Latin America and the Caribbean,2003,5.58
419,Latin America and the Caribbean,2004,5.29
419,Latin America and the Caribbean,2005,5.68
419,Latin America and the Caribbean,2006,5.86
419,Latin America and the Caribbean,2007,6.08
419,Latin America and the Caribbean,2008,5.83
419,Latin America and the Caribbean,2009,6.01
419,Latin America and the Caribbean,2010,5.87
419,Latin America and the Caribbean,2011,5.46
419,Latin America and the Caribbean,2012,5.39
419,Latin America and the Caribbean,2013,5.29
419,Latin America and the Caribbean,2014,5.43
419,Latin America and the Caribbean,2015,5.42
419,Latin America and the Caribbean,2016,5.53
419,Latin America and the Caribbean,2017,5.6
419,Latin America and the Caribbean,2018,5.62
419,Latin America and the Caribbean,2019,5.67
419,Latin America and the Caribbean,2020,5.45
419,Latin America and the Caribbean,2021,5.5
419,Latin America and the Caribbean,2022,5.41
419,Latin America and the Caribbean,2023,5.37
422,Lebanon,2000,41.08
422,Lebanon,2001,40.28
422,Lebanon,2002,39.48
422,Lebanon,2003,38.68
422,Lebanon,2004,37.88
422,Lebanon,2005,35.56
422,Lebanon,2006,37.88
422,Lebanon,2007,40.21
422,Lebanon,2008,42.53
422,Lebanon,2009,44.85
422,Lebanon,2010,47.18
422,Lebanon,2011,49.5
422,Lebanon,2012,51.82
422,Lebanon,2013,54.15
422,Lebanon,2014,56.47
422,Lebanon,2015,58.79
422,Lebanon,2016,58.79
422,Lebanon,2017,58.79
422,Lebanon,2018,58.79
422,Lebanon,2019,58.79
422,Lebanon,2020,58.79
422,Lebanon,2021,58.79
422,Lebanon,2022,58.79
422,Lebanon,2023,58.79
426,Lesotho,2000,2.57
426,Lesotho,2001,2.57
426,Lesotho,2002,2.57
426,Lesotho,2003,2.57
426,Lesotho,2004,2.57
426,Lesotho,2005,2.57
426,Lesotho,2006,2.57
426,Lesotho,2007,2.57
426,Lesotho,2008,2.57
426,Lesotho,2009,2.57
426,Lesotho,2010,2.57
426,Lesotho,2011,2.57
426,Lesotho,2012,2.57
426,Lesotho,2013,2.57
426,Lesotho,2014,2.57
426,Lesotho,2015,2.57
426,Lesotho,2016,2.57
426,Lesotho,2017,2.57
426,Lesotho,2018,2.57
426,Lesotho,2019,2.57
426,Lesotho,2020,2.57
426,Lesotho,2021,2.57
426,Lesotho,2022,2.57
426,Lesotho,2023,2.57
428,Latvia,2000,1.71
428,Latvia,2001,1.58
428,Latvia,2002,1.44
428,Latvia,2003,1.4
428,Latvia,2004,1.35
428,Latvia,2005,1.31
428,Latvia,2006,1.26
428,Latvia,2007,1.22
428,Latvia,2008,1.35
428,Latvia,2009,2.33
428,Latvia,2010,1.62
428,Latvia,2011,2.18
428,Latvia,2012,1.46
428,Latvia,2013,1.39
428,Latvia,2014,0.99
428,Latvia,2015,1.04
428,Latvia,2016,1.1
428,Latvia,2017,1.07
428,Latvia,2018,1.08
428,Latvia,2019,1.05
428,Latvia,2020,1.07
428,Latvia,2021,1.09
428,Latvia,2022,1.02
428,Latvia,2023,1.04
430,Liberia,2000,0.24
430,Liberia,2001,0.24
430,Liberia,2002,0.25
430,Liberia,2003,0.25
430,Liberia,2004,0.26
430,Liberia,2005,0.26
430,Liberia,2006,0.26
430,Liberia,2007,0.26
430,Liberia,2008,0.26
430,Liberia,2009,0.26
430,Liberia,2010,0.26
430,Liberia,2011,0.26
430,Liberia,2012,0.26
430,Liberia,2013,0.26
430,Liberia,2014,0.26
430,Liberia,2015,0.26
430,Liberia,2016,0.26
430,Liberia,2017,0.26
430,Liberia,2018,0.26
430,Liberia,2019,0.26
430,Liberia,2020,0.26
430,Liberia,2021,0.26
430,Liberia,2022,0.26
430,Liberia,2023,0.26
432,Landlocked developing countries (LLDCs),2000,15.43
432,Landlocked developing countries (LLDCs),2001,15.62
432,Landlocked developing countries (LLDCs),2002,15.46
432,Landlocked developing countries (LLDCs),2003,15.55
432,Landlocked developing countries (LLDCs),2004,16.49
432,Landlocked developing countries (LLDCs),2005,14.34
432,Landlocked developing countries (LLDCs),2006,15.98
432,Landlocked developing countries (LLDCs),2007,15.51
432,Landlocked developing countries (LLDCs),2008,14.22
432,Landlocked developing countries (LLDCs),2009,14.61
432,Landlocked developing countries (LLDCs),2010,14.7
432,Landlocked developing countries (LLDCs),2011,14.21
432,Landlocked developing countries (LLDCs),2012,15.28
432,Landlocked developing countries (LLDCs),2013,15.15
432,Landlocked developing countries (LLDCs),2014,15.1
432,Landlocked developing countries (LLDCs),2015,15.47
432,Landlocked developing countries (LLDCs),2016,15.92
432,Landlocked developing countries (LLDCs),2017,15.98
432,Landlocked developing countries (LLDCs),2018,16.21
432,Landlocked developing countries (LLDCs),2019,16.42
432,Landlocked developing countries (LLDCs),2020,16.22
432,Landlocked developing countries (LLDCs),2021,15.76
432,Landlocked developing countries (LLDCs),2022,15.88
432,Landlocked developing countries (LLDCs),2023,15.88
434,Libya,2000,615.43
434,Libya,2001,631.96
434,Libya,2002,648.49
434,Libya,2003,665.01
434,Libya,2004,681.54
434,Libya,2005,698.07
434,Libya,2006,715.08
434,Libya,2007,732.09
434,Libya,2008,749.1
434,Libya,2009,766.11
434,Libya,2010,783.12
434,Libya,2011,800.13
434,Libya,2012,817.14
434,Libya,2013,817.14
434,Libya,2014,817.14
434,Libya,2015,817.14
434,Libya,2016,817.14
434,Libya,2017,817.14
434,Libya,2018,817.14
434,Libya,2019,817.14
434,Libya,2020,817.14
434,Libya,2021,817.14
434,Libya,2022,817.14
434,Libya,2023,817.14
440,Lithuania,2000,21.85
440,Lithuania,2001,19.96
440,Lithuania,2002,19.22
440,Lithuania,2003,18.49
440,Lithuania,2004,17.75
440,Lithuania,2005,17.02
440,Lithuania,2006,16.67
440,Lithuania,2007,16.32
440,Lithuania,2008,13.37
440,Lithuania,2009,10.42
440,Lithuania,2010,7.47
440,Lithuania,2011,4.52
440,Lithuania,2012,3.87
440,Lithuania,2013,3.22
440,Lithuania,2014,2.58
440,Lithuania,2015,2.75
440,Lithuania,2016,2.22
440,Lithuania,2017,1.87
440,Lithuania,2018,1.83
440,Lithuania,2019,2.36
440,Lithuania,2020,2.89
440,Lithuania,2021,2.56
440,Lithuania,2022,2.17
440,Lithuania,2023,2.17
442,Luxembourg,2000,4.93
442,Luxembourg,2001,4.81
442,Luxembourg,2002,4.7
442,Luxembourg,2003,4.58
442,Luxembourg,2004,4.47
442,Luxembourg,2005,4.35
442,Luxembourg,2006,4.24
442,Luxembourg,2007,4.13
442,Luxembourg,2008,4.01
442,Luxembourg,2009,3.9
442,Luxembourg,2010,3.95
442,Luxembourg,2011,3.84
442,Luxembourg,2012,3.7
442,Luxembourg,2013,3.57
442,Luxembourg,2014,3.81
442,Luxembourg,2015,3.71
442,Luxembourg,2016,3.68
442,Luxembourg,2017,3.78
442,Luxembourg,2018,4.33
442,Luxembourg,2019,4.09
442,Luxembourg,2020,3.96
442,Luxembourg,2021,3.82
442,Luxembourg,2022,3.96
442,Luxembourg,2023,3.96
450,Madagascar,2000,11.19
450,Madagascar,2001,11.2
450,Madagascar,2002,11.22
450,Madagascar,2003,11.23
450,Madagascar,2004,11.25
450,Madagascar,2005,11.26
450,Madagascar,2006,12.54
450,Madagascar,2007,13.82
450,Madagascar,2008,15.09
450,Madagascar,2009,16.37
450,Madagascar,2010,17.65
450,Madagascar,2011,18.92
450,Madagascar,2012,20.2
450,Madagascar,2013,21.48
450,Madagascar,2014,22.75
450,Madagascar,2015,24.03
450,Madagascar,2016,25.31
450,Madagascar,2017,26.59
450,Madagascar,2018,27.86
450,Madagascar,2019,29.14
450,Madagascar,2020,30.42
450,Madagascar,2021,31.69
450,Madagascar,2022,32.05
450,Madagascar,2023,24.99
454,Malawi,2000,5.77
454,Malawi,2001,4.72
454,Malawi,2002,3.67
454,Malawi,2003,2.62
454,Malawi,2004,1.57
454,Malawi,2005,0.51
454,Malawi,2006,0.84
454,Malawi,2007,0.84
454,Malawi,2008,0.86
454,Malawi,2009,0.91
454,Malawi,2010,0.95
454,Malawi,2011,1.03
454,Malawi,2012,1.02
454,Malawi,2013,0.99
454,Malawi,2014,0.97
454,Malawi,2015,0.96
454,Malawi,2016,0.97
454,Malawi,2017,1.07
454,Malawi,2018,2.07
454,Malawi,2019,3.08
454,Malawi,2020,4.08
454,Malawi,2021,4.09
454,Malawi,2022,4.11
454,Malawi,2023,4.11
458,Malaysia,2000,2.89
458,Malaysia,2001,2.91
458,Malaysia,2002,2.93
458,Malaysia,2003,2.95
458,Malaysia,2004,2.97
458,Malaysia,2005,2.99
458,Malaysia,2006,3.01
458,Malaysia,2007,3.03
458,Malaysia,2008,3.05
458,Malaysia,2009,3.07
458,Malaysia,2010,3.09
458,Malaysia,2011,3.11
458,Malaysia,2012,3.13
458,Malaysia,2013,3.15
458,Malaysia,2014,3.17
458,Malaysia,2015,3.19
458,Malaysia,2016,3.36
458,Malaysia,2017,3.44
458,Malaysia,2018,3.44
458,Malaysia,2019,3.44
458,Malaysia,2020,3.44
458,Malaysia,2021,3.44
458,Malaysia,2022,3.44
458,Malaysia,2023,3.44
462,Maldives,2000,17.67
462,Maldives,2001,17.12
462,Maldives,2002,16.37
462,Maldives,2003,15.78
462,Maldives,2004,14.85
462,Maldives,2005,9.87
462,Maldives,2006,9.78
462,Maldives,2007,9.7
462,Maldives,2008,9.62
462,Maldives,2009,7.78
462,Maldives,2010,6.35
462,Maldives,2011,4.93
462,Maldives,2012,2.95
462,Maldives,2013,2.03
462,Maldives,2014,0.33
462,Maldives,2015,9.62
462,Maldives,2016,9.62
462,Maldives,2017,9.62
462,Maldives,2018,9.62
462,Maldives,2019,9.62
462,Maldives,2020,9.62
462,Maldives,2021,9.62
462,Maldives,2022,9.62
462,Maldives,2023,9.62
466,Mali,2000,7.45
466,Mali,2001,7.84
466,Mali,2002,7.88
466,Mali,2003,7.91
466,Mali,2004,7.94
466,Mali,2005,7.97
466,Mali,2006,32.92
466,Mali,2007,26.76
466,Mali,2008,20.6
466,Mali,2009,14.44
466,Mali,2010,8.28
466,Mali,2011,10.21
466,Mali,2012,10.6
466,Mali,2013,11.0
466,Mali,2014,13.58
466,Mali,2015,26.19
466,Mali,2016,38.79
466,Mali,2017,31.8
466,Mali,2018,37.16
466,Mali,2019,42.51
466,Mali,2020,42.95
466,Mali,2021,42.95
466,Mali,2022,42.95
466,Mali,2023,42.95
470,Malta,2000,38.02
470,Malta,2001,39.9
470,Malta,2002,41.77
470,Malta,2003,42.46
470,Malta,2004,42.51
470,Malta,2005,43.84
470,Malta,2006,44.53
470,Malta,2007,45.21
470,Malta,2008,43.99
470,Malta,2009,38.95
470,Malta,2010,50.25
470,Malta,2011,46.81
470,Malta,2012,49.27
470,Malta,2013,56.64
470,Malta,2014,55.29
470,Malta,2015,51.36
470,Malta,2016,51.48
470,Malta,2017,56.52
470,Malta,2018,52.51
470,Malta,2019,50.05
470,Malta,2020,50.74
470,Malta,2021,48.68
470,Malta,2022,45.01
470,Malta,2023,45.51
478,Mauritania,2000,15.71
478,Mauritania,2001,15.08
478,Mauritania,2002,14.45
478,Mauritania,2003,13.82
478,Mauritania,2004,13.2
478,Mauritania,2005,13.25
478,Mauritania,2006,13.25
478,Mauritania,2007,13.25
478,Mauritania,2008,13.25
478,Mauritania,2009,13.25
478,Mauritania,2010,13.25
478,Mauritania,2011,13.25
478,Mauritania,2012,13.25
478,Mauritania,2013,13.25
478,Mauritania,2014,13.25
478,Mauritania,2015,13.25
478,Mauritania,2016,13.25
478,Mauritania,2017,13.25
478,Mauritania,2018,13.25
478,Mauritania,2019,13.25
478,Mauritania,2020,13.25
478,Mauritania,2021,13.25
478,Mauritania,2022,13.25
478,Mauritania,2023,13.25
480,Mauritius,2000,24.61
480,Mauritius,2001,24.61
480,Mauritius,2002,26.39
480,Mauritius,2003,26.35
480,Mauritius,2004,26.35
480,Mauritius,2005,25.12
480,Mauritius,2006,24.79
480,Mauritius,2007,22.9
480,Mauritius,2008,27.84
480,Mauritius,2009,22.97
480,Mauritius,2010,23.16
480,Mauritius,2011,20.76
480,Mauritius,2012,21.16
480,Mauritius,2013,22.1
480,Mauritius,2014,22.54
480,Mauritius,2015,22.25
480,Mauritius,2016,22.54
480,Mauritius,2017,22.17
480,Mauritius,2018,21.48
480,Mauritius,2019,21.63
480,Mauritius,2020,22.06
480,Mauritius,2021,21.96
480,Mauritius,2022,22.97
480,Mauritius,2023,22.46
484,Mexico,2000,25.57
484,Mexico,2001,25.8
484,Mexico,2002,27.12
484,Mexico,2003,28.02
484,Mexico,2004,28.21
484,Mexico,2005,28.58
484,Mexico,2006,28.88
484,Mexico,2007,29.5
484,Mexico,2008,29.93
484,Mexico,2009,29.93
484,Mexico,2010,29.87
484,Mexico,2011,29.81
484,Mexico,2012,31.03
484,Mexico,2013,30.63
484,Mexico,2014,31.86
484,Mexico,2015,32.13
484,Mexico,2016,32.48
484,Mexico,2017,32.95
484,Mexico,2018,44.46
484,Mexico,2019,44.72
484,Mexico,2020,44.82
484,Mexico,2021,45.02
484,Mexico,2022,44.95
484,Mexico,2023,44.95
496,Mongolia,2000,3.59
496,Mongolia,2001,3.65
496,Mongolia,2002,3.71
496,Mongolia,2003,3.77
496,Mongolia,2004,3.84
496,Mongolia,2005,3.75
496,Mongolia,2006,3.96
496,Mongolia,2007,3.99
496,Mongolia,2008,4.02
496,Mongolia,2009,4.05
496,Mongolia,2010,3.9
496,Mongolia,2011,3.75
496,Mongolia,2012,3.6
496,Mongolia,2013,3.45
496,Mongolia,2014,3.3
496,Mongolia,2015,3.15
496,Mongolia,2016,3.4
496,Mongolia,2017,3.68
496,Mongolia,2018,3.96
496,Mongolia,2019,4.25
496,Mongolia,2020,4.34
496,Mongolia,2021,4.37
496,Mongolia,2022,4.53
496,Mongolia,2023,4.97
498,Republic of Moldova,2000,13.63
498,Republic of Moldova,2001,12.98
498,Republic of Moldova,2002,12.86
498,Republic of Moldova,2003,12.83
498,Republic of Moldova,2004,12.65
498,Republic of Moldova,2005,12.65
498,Republic of Moldova,2006,12.68
498,Republic of Moldova,2007,13.14
498,Republic of Moldova,2008,12.79
498,Republic of Moldova,2009,12.85
498,Republic of Moldova,2010,12.64
498,Republic of Moldova,2011,12.58
498,Republic of Moldova,2012,12.62
498,Republic of Moldova,2013,12.46
498,Republic of Moldova,2014,12.41
498,Republic of Moldova,2015,12.47
498,Republic of Moldova,2016,12.5
498,Republic of Moldova,2017,12.47
498,Republic of Moldova,2018,12.43
498,Republic of Moldova,2019,12.46
498,Republic of Moldova,2020,12.56
498,Republic of Moldova,2021,12.41
498,Republic of Moldova,2022,12.41
498,Republic of Moldova,2023,12.41
504,Morocco,2000,60.48
504,Morocco,2001,28.03
504,Morocco,2002,30.01
504,Morocco,2003,31.46
504,Morocco,2004,36.78
504,Morocco,2005,35.99
504,Morocco,2006,38.78
504,Morocco,2007,36.71
504,Morocco,2008,34.15
504,Morocco,2009,36.83
504,Morocco,2010,50.75
504,Morocco,2011,34.68
504,Morocco,2012,29.57
504,Morocco,2013,30.0
504,Morocco,2014,30.43
504,Morocco,2015,32.79
504,Morocco,2016,28.46
504,Morocco,2017,25.47
504,Morocco,2018,28.69
504,Morocco,2019,27.51
504,Morocco,2020,23.71
504,Morocco,2021,22.28
504,Morocco,2022,20.82
504,Morocco,2023,18.83
508,Mozambique,2000,1.04
508,Mozambique,2001,1.07
508,Mozambique,2002,1.13
508,Mozambique,2003,1.19
508,Mozambique,2004,1.24
508,Mozambique,2005,1.3
508,Mozambique,2006,1.34
508,Mozambique,2007,1.39
508,Mozambique,2008,1.43
508,Mozambique,2009,1.48
508,Mozambique,2010,1.52
508,Mozambique,2011,1.57
508,Mozambique,2012,1.61
508,Mozambique,2013,1.66
508,Mozambique,2014,1.71
508,Mozambique,2015,1.75
508,Mozambique,2016,1.75
508,Mozambique,2017,1.75
508,Mozambique,2018,1.75
508,Mozambique,2019,1.75
508,Mozambique,2020,1.75
508,Mozambique,2021,1.75
508,Mozambique,2022,1.75
508,Mozambique,2023,1.75
512,Oman,2000,92.86
512,Oman,2001,95.89
512,Oman,2002,112.93
512,Oman,2003,84.71
512,Oman,2004,112.93
512,Oman,2005,112.93
512,Oman,2006,112.93
512,Oman,2007,112.93
512,Oman,2008,112.93
512,Oman,2009,112.93
512,Oman,2010,116.61
512,Oman,2011,116.64
512,Oman,2012,116.68
512,Oman,2013,116.71
512,Oman,2014,116.71
512,Oman,2015,116.71
512,Oman,2016,116.71
512,Oman,2017,116.71
512,Oman,2018,116.71
512,Oman,2019,116.71
512,Oman,2020,116.71
512,Oman,2021,116.71
512,Oman,2022,116.71
512,Oman,2023,116.71
513,Europe and Northern America,2000,14.22
513,Europe and Northern America,2001,14.14
513,Europe and Northern America,2002,14.13
513,Europe and Northern America,2003,14.07
513,Europe and Northern America,2004,14.0
513,Europe and Northern America,2005,13.99
513,Europe and Northern America,2006,13.76
513,Europe and Northern America,2007,13.37
513,Europe and Northern America,2008,13.53
513,Europe and Northern America,2009,12.93
513,Europe and Northern America,2010,12.58
513,Europe and Northern America,2011,12.45
513,Europe and Northern America,2012,12.24
513,Europe and Northern America,2013,11.89
513,Europe and Northern America,2014,11.85
513,Europe and Northern America,2015,11.53
513,Europe and Northern America,2016,11.46
513,Europe and Northern America,2017,11.53
513,Europe and Northern America,2018,11.54
513,Europe and Northern America,2019,11.48
513,Europe and Northern America,2020,11.33
513,Europe and Northern America,2021,11.37
513,Europe and Northern America,2022,11.31
513,Europe and Northern America,2023,11.35
516,Namibia,2000,0.92
516,Namibia,2001,0.89
516,Namibia,2002,0.86
516,Namibia,2003,0.83
516,Namibia,2004,0.81
516,Namibia,2005,0.78
516,Namibia,2006,0.75
516,Namibia,2007,0.72
516,Namibia,2008,0.7
516,Namibia,2009,0.67
516,Namibia,2010,0.64
516,Namibia,2011,0.61
516,Namibia,2012,0.59
516,Namibia,2013,0.56
516,Namibia,2014,0.53
516,Namibia,2015,0.5
516,Namibia,2016,0.47
516,Namibia,2017,0.45
516,Namibia,2018,0.42
516,Namibia,2019,0.39
516,Namibia,2020,0.36
516,Namibia,2021,0.31
516,Namibia,2022,0.31
516,Namibia,2023,0.31
524,Nepal,2000,8.37
524,Nepal,2001,8.36
524,Nepal,2002,8.35
524,Nepal,2003,8.33
524,Nepal,2004,8.32
524,Nepal,2005,8.31
524,Nepal,2006,8.31
524,Nepal,2007,8.31
524,Nepal,2008,8.31
524,Nepal,2009,8.31
524,Nepal,2010,8.31
524,Nepal,2011,8.31
524,Nepal,2012,8.31
524,Nepal,2013,8.31
524,Nepal,2014,8.31
524,Nepal,2015,8.31
524,Nepal,2016,8.31
524,Nepal,2017,8.31
524,Nepal,2018,8.31
524,Nepal,2019,8.31
524,Nepal,2020,8.31
524,Nepal,2021,8.31
524,Nepal,2022,8.31
524,Nepal,2023,8.31
528,Netherlands (Kingdom of the),2000,16.01
528,Netherlands (Kingdom of the),2001,16.93
528,Netherlands (Kingdom of the),2002,18.18
528,Netherlands (Kingdom of the),2003,19.43
528,Netherlands (Kingdom of the),2004,20.68
528,Netherlands (Kingdom of the),2005,21.93
528,Netherlands (Kingdom of the),2006,21.35
528,Netherlands (Kingdom of the),2007,20.77
528,Netherlands (Kingdom of the),2008,20.33
528,Netherlands (Kingdom of the),2009,21.66
528,Netherlands (Kingdom of the),2010,20.75
528,Netherlands (Kingdom of the),2011,19.35
528,Netherlands (Kingdom of the),2012,20.35
528,Netherlands (Kingdom of the),2013,20.2
528,Netherlands (Kingdom of the),2014,18.02
528,Netherlands (Kingdom of the),2015,15.97
528,Netherlands (Kingdom of the),2016,15.23
528,Netherlands (Kingdom of the),2017,15.03
528,Netherlands (Kingdom of the),2018,16.37
528,Netherlands (Kingdom of the),2019,17.0
528,Netherlands (Kingdom of the),2020,16.8
528,Netherlands (Kingdom of the),2021,16.08
528,Netherlands (Kingdom of the),2022,16.66
528,Netherlands (Kingdom of the),2023,14.91
543,Oceania (exc. Australia and New Zealand),2000,0.12
543,Oceania (exc. Australia and New Zealand),2001,0.12
543,Oceania (exc. Australia and New Zealand),2002,0.13
543,Oceania (exc. Australia and New Zealand),2003,0.14
543,Oceania (exc. Australia and New Zealand),2004,0.15
543,Oceania (exc. Australia and New Zealand),2005,0.16
543,Oceania (exc. Australia and New Zealand),2006,0.16
543,Oceania (exc. Australia and New Zealand),2007,0.16
543,Oceania (exc. Australia and New Zealand),2008,0.16
543,Oceania (exc. Australia and New Zealand),2009,0.16
543,Oceania (exc. Australia and New Zealand),2010,0.16
543,Oceania (exc. Australia and New Zealand),2011,0.16
543,Oceania (exc. Australia and New Zealand),2012,0.19
543,Oceania (exc. Australia and New Zealand),2013,0.22
543,Oceania (exc. Australia and New Zealand),2014,0.21
543,Oceania (exc. Australia and New Zealand),2015,0.21
543,Oceania (exc. Australia and New Zealand),2016,0.21
543,Oceania (exc. Australia and New Zealand),2017,0.2
543,Oceania (exc. Australia and New Zealand),2018,0.21
543,Oceania (exc. Australia and New Zealand),2019,0.23
543,Oceania (exc. Australia and New Zealand),2020,0.23
543,Oceania (exc. Australia and New Zealand),2021,0.23
543,Oceania (exc. Australia and New Zealand),2022,0.22
543,Oceania (exc. Australia and New Zealand),2023,0.22
554,New Zealand,2000,2.76
554,New Zealand,2001,2.97
554,New Zealand,2002,3.18
554,New Zealand,2003,3.38
554,New Zealand,2004,3.59
554,New Zealand,2005,3.79
554,New Zealand,2006,4.0
554,New Zealand,2007,4.06
554,New Zealand,2008,4.12
554,New Zealand,2009,4.18
554,New Zealand,2010,4.24
554,New Zealand,2011,5.19
554,New Zealand,2012,6.14
554,New Zealand,2013,7.1
554,New Zealand,2014,8.05
554,New Zealand,2015,8.05
554,New Zealand,2016,8.05
554,New Zealand,2017,8.05
554,New Zealand,2018,8.05
554,New Zealand,2019,8.05
554,New Zealand,2020,8.05
554,New Zealand,2021,8.05
554,New Zealand,2022,8.05
554,New Zealand,2023,8.05
558,Nicaragua,2000,2.42
558,Nicaragua,2001,2.51
558,Nicaragua,2002,2.54
558,Nicaragua,2003,2.57
558,Nicaragua,2004,2.6
558,Nicaragua,2005,2.63
558,Nicaragua,2006,2.65
558,Nicaragua,2007,2.67
558,Nicaragua,2008,2.69
558,Nicaragua,2009,2.66
558,Nicaragua,2010,2.64
558,Nicaragua,2011,2.61
558,Nicaragua,2012,2.56
558,Nicaragua,2013,2.51
558,Nicaragua,2014,2.47
558,Nicaragua,2015,2.42
558,Nicaragua,2016,2.37
558,Nicaragua,2017,2.32
558,Nicaragua,2018,2.27
558,Nicaragua,2019,2.22
558,Nicaragua,2020,2.22
558,Nicaragua,2021,2.22
558,Nicaragua,2022,2.22
558,Nicaragua,2023,2.22
562,Niger,2000,3.59
562,Niger,2001,3.71
562,Niger,2002,3.83
562,Niger,2003,3.95
562,Niger,2004,4.07
562,Niger,2005,4.2
562,Niger,2006,4.45
562,Niger,2007,4.7
562,Niger,2008,4.95
562,Niger,2009,5.2
562,Niger,2010,5.45
562,Niger,2011,5.7
562,Niger,2012,5.95
562,Niger,2013,6.2
562,Niger,2014,6.45
562,Niger,2015,7.34
562,Niger,2016,7.45
562,Niger,2017,6.75
562,Niger,2018,10.37
562,Niger,2019,11.02
562,Niger,2020,11.02
562,Niger,2021,11.02
562,Niger,2022,11.02
562,Niger,2023,11.02
566,Nigeria,2000,7.99
566,Nigeria,2001,8.18
566,Nigeria,2002,8.38
566,Nigeria,2003,8.58
566,Nigeria,2004,8.77
566,Nigeria,2005,8.97
566,Nigeria,2006,9.11
566,Nigeria,2007,9.25
566,Nigeria,2008,9.39
566,Nigeria,2009,9.53
566,Nigeria,2010,29.71
566,Nigeria,2011,29.71
566,Nigeria,2012,29.71
566,Nigeria,2013,29.71
566,Nigeria,2014,29.71
566,Nigeria,2015,29.71
566,Nigeria,2016,29.71
566,Nigeria,2017,29.71
566,Nigeria,2018,29.71
566,Nigeria,2019,29.71
566,Nigeria,2020,29.71
566,Nigeria,2021,29.71
566,Nigeria,2022,29.71
566,Nigeria,2023,29.71
578,Norway,2000,1.83
578,Norway,2001,1.95
578,Norway,2002,1.94
578,Norway,2003,1.96
578,Norway,2004,2.14
578,Norway,2005,2.08
578,Norway,2006,2.23
578,Norway,2007,2.3
578,Norway,2008,2.23
578,Norway,2009,2.16
578,Norway,2010,2.13
578,Norway,2011,2.11
578,Norway,2012,2.08
578,Norway,2013,2.09
578,Norway,2014,2.11
578,Norway,2015,2.06
578,Norway,2016,2.01
578,Norway,2017,2.05
578,Norway,2018,2.04
578,Norway,2019,2.04
578,Norway,2020,2.04
578,Norway,2021,2.01
578,Norway,2022,2.04
578,Norway,2023,2.04
586,Pakistan,2000,105.86
586,Pakistan,2001,106.64
586,Pakistan,2002,98.29
586,Pakistan,2003,110.8
586,Pakistan,2004,115.9
586,Pakistan,2005,102.87
586,Pakistan,2006,116.87
586,Pakistan,2007,115.23
586,Pakistan,2008,112.57
586,Pakistan,2009,112.32
586,Pakistan,2010,113.66
586,Pakistan,2011,110.1
586,Pakistan,2012,115.26
586,Pakistan,2013,112.57
586,Pakistan,2014,119.54
586,Pakistan,2015,120.8
586,Pakistan,2016,122.55
586,Pakistan,2017,122.67
586,Pakistan,2018,118.24
586,Pakistan,2019,108.65
586,Pakistan,2020,116.31
586,Pakistan,2021,112.97
586,Pakistan,2022,109.99
586,Pakistan,2023,98.12
591,Panama,2000,nan
591,Panama,2001,nan
591,Panama,2002,nan
591,Panama,2003,nan
591,Panama,2004,nan
591,Panama,2005,nan
591,Panama,2006,nan
591,Panama,2007,nan
591,Panama,2008,nan
591,Panama,2009,nan
591,Panama,2010,0.77
591,Panama,2011,0.82
591,Panama,2012,0.86
591,Panama,2013,0.9
591,Panama,2014,0.89
591,Panama,2015,0.93
591,Panama,2016,0.9
591,Panama,2017,0.9
591,Panama,2018,0.9
591,Panama,2019,0.9
591,Panama,2020,0.9
591,Panama,2021,0.9
591,Panama,2022,0.9
591,Panama,2023,0.9
598,Papua New Guinea,2000,0.09
598,Papua New Guinea,2001,0.1
598,Papua New Guinea,2002,0.11
598,Papua New Guinea,2003,0.12
598,Papua New Guinea,2004,0.12
598,Papua New Guinea,2005,0.13
598,Papua New Guinea,2006,0.13
598,Papua New Guinea,2007,0.13
598,Papua New Guinea,2008,0.13
598,Papua New Guinea,2009,0.13
598,Papua New Guinea,2010,0.13
598,Papua New Guinea,2011,0.13
598,Papua New Guinea,2012,0.13
598,Papua New Guinea,2013,0.13
598,Papua New Guinea,2014,0.13
598,Papua New Guinea,2015,0.13
598,Papua New Guinea,2016,0.13
598,Papua New Guinea,2017,0.13
598,Papua New Guinea,2018,0.13
598,Papua New Guinea,2019,0.13
598,Papua New Guinea,2020,0.13
598,Papua New Guinea,2021,0.13
598,Papua New Guinea,2022,0.13
598,Papua New Guinea,2023,0.13
600,Paraguay,2000,0.37
600,Paraguay,2001,0.5
600,Paraguay,2002,0.63
600,Paraguay,2003,0.75
600,Paraguay,2004,0.88
600,Paraguay,2005,1.01
600,Paraguay,2006,1.13
600,Paraguay,2007,1.26
600,Paraguay,2008,1.39
600,Paraguay,2009,1.5
600,Paraguay,2010,1.62
600,Paraguay,2011,1.71
600,Paraguay,2012,1.84
600,Paraguay,2013,1.84
600,Paraguay,2014,1.84
600,Paraguay,2015,1.84
600,Paraguay,2016,1.84
600,Paraguay,2017,1.84
600,Paraguay,2018,1.84
600,Paraguay,2019,1.84
600,Paraguay,2020,1.84
600,Paraguay,2021,1.84
600,Paraguay,2022,1.84
600,Paraguay,2023,1.84
604,Peru,2000,nan
604,Peru,2001,nan
604,Peru,2002,nan
604,Peru,2003,nan
604,Peru,2004,nan
604,Peru,2005,nan
604,Peru,2006,nan
604,Peru,2007,nan
604,Peru,2008,2.53
604,Peru,2009,2.97
604,Peru,2010,3.41
604,Peru,2011,3.85
604,Peru,2012,4.3
604,Peru,2013,4.74
604,Peru,2014,5.18
604,Peru,2015,5.62
604,Peru,2016,6.07
604,Peru,2017,6.51
604,Peru,2018,6.95
604,Peru,2019,7.18
604,Peru,2020,4.58
604,Peru,2021,4.83
604,Peru,2022,3.58
604,Peru,2023,3.6
608,Philippines,2000,nan
608,Philippines,2001,nan
608,Philippines,2002,nan
608,Philippines,2003,nan
608,Philippines,2004,nan
608,Philippines,2005,nan
608,Philippines,2006,24.12
608,Philippines,2007,24.47
608,Philippines,2008,24.75
608,Philippines,2009,24.93
608,Philippines,2010,25.2
608,Philippines,2011,25.35
608,Philippines,2012,25.5
608,Philippines,2013,25.66
608,Philippines,2014,25.81
608,Philippines,2015,26.41
608,Philippines,2016,26.63
608,Philippines,2017,28.06
608,Philippines,2018,28.17
608,Philippines,2019,26.29
608,Philippines,2020,26.74
608,Philippines,2021,27.21
608,Philippines,2022,27.83
608,Philippines,2023,27.88
616,Poland,2000,42.05
616,Poland,2001,41.31
616,Poland,2002,40.56
616,Poland,2003,40.77
616,Poland,2004,40.98
616,Poland,2005,41.18
616,Poland,2006,41.39
616,Poland,2007,41.6
616,Poland,2008,39.32
616,Poland,2009,39.83
616,Poland,2010,37.61
616,Poland,2011,41.23
616,Poland,2012,39.7
616,Poland,2013,38.91
616,Poland,2014,36.8
616,Poland,2015,36.16
616,Poland,2016,35.61
616,Poland,2017,34.89
616,Poland,2018,33.22
616,Poland,2019,31.1
616,Poland,2020,30.0
616,Poland,2021,32.08
616,Poland,2022,32.49
616,Poland,2023,32.49
620,Portugal,2000,21.43
620,Portugal,2001,20.96
620,Portugal,2002,20.49
620,Portugal,2003,20.02
620,Portugal,2004,19.55
620,Portugal,2005,19.08
620,Portugal,2006,18.2
620,Portugal,2007,18.38
620,Portugal,2008,18.24
620,Portugal,2009,18.11
620,Portugal,2010,17.97
620,Portugal,2011,17.84
620,Portugal,2012,17.71
620,Portugal,2013,17.57
620,Portugal,2014,17.44
620,Portugal,2015,17.3
620,Portugal,2016,17.17
620,Portugal,2017,12.38
620,Portugal,2018,12.32
620,Portugal,2019,12.32
620,Portugal,2020,12.32
620,Portugal,2021,12.32
620,Portugal,2022,12.32
620,Portugal,2023,12.32
624,Guinea-Bissau,2000,1.5
624,Guinea-Bissau,2001,1.5
624,Guinea-Bissau,2002,1.5
624,Guinea-Bissau,2003,1.5
624,Guinea-Bissau,2004,1.5
624,Guinea-Bissau,2005,1.5
624,Guinea-Bissau,2006,1.5
624,Guinea-Bissau,2007,1.5
624,Guinea-Bissau,2008,1.5
624,Guinea-Bissau,2009,1.5
624,Guinea-Bissau,2010,1.5
624,Guinea-Bissau,2011,1.5
624,Guinea-Bissau,2012,1.5
624,Guinea-Bissau,2013,1.5
624,Guinea-Bissau,2014,1.5
624,Guinea-Bissau,2015,1.5
624,Guinea-Bissau,2016,1.5
624,Guinea-Bissau,2017,1.5
624,Guinea-Bissau,2018,1.5
624,Guinea-Bissau,2019,1.5
624,Guinea-Bissau,2020,1.5
624,Guinea-Bissau,2021,1.5
624,Guinea-Bissau,2022,1.5
624,Guinea-Bissau,2023,1.5
626,Timor-Leste,2000,nan
626,Timor-Leste,2001,nan
626,Timor-Leste,2002,nan
626,Timor-Leste,2003,nan
626,Timor-Leste,2004,28.27
626,Timor-Leste,2005,28.27
626,Timor-Leste,2006,28.27
626,Timor-Leste,2007,28.27
626,Timor-Leste,2008,28.27
626,Timor-Leste,2009,28.27
626,Timor-Leste,2010,28.27
626,Timor-Leste,2011,28.27
626,Timor-Leste,2012,28.27
626,Timor-Leste,2013,28.27
626,Timor-Leste,2014,28.27
626,Timor-Leste,2015,28.27
626,Timor-Leste,2016,28.27
626,Timor-Leste,2017,28.27
626,Timor-Leste,2018,28.27
626,Timor-Leste,2019,28.27
626,Timor-Leste,2020,28.27
626,Timor-Leste,2021,28.27
626,Timor-Leste,2022,28.27
626,Timor-Leste,2023,28.27
630,Puerto Rico,2000,19.12
630,Puerto Rico,2001,19.75
630,Puerto Rico,2002,20.39
630,Puerto Rico,2003,21.02
630,Puerto Rico,2004,21.66
630,Puerto Rico,2005,22.29
630,Puerto Rico,2006,22.37
630,Puerto Rico,2007,22.46
630,Puerto Rico,2008,22.54
630,Puerto Rico,2009,22.62
630,Puerto Rico,2010,22.71
630,Puerto Rico,2011,22.07
630,Puerto Rico,2012,21.44
630,Puerto Rico,2013,20.8
630,Puerto Rico,2014,20.17
630,Puerto Rico,2015,19.54
630,Puerto Rico,2016,19.54
630,Puerto Rico,2017,19.54
630,Puerto Rico,2018,19.54
630,Puerto Rico,2019,19.54
630,Puerto Rico,2020,19.54
630,Puerto Rico,2021,19.54
630,Puerto Rico,2022,19.54
630,Puerto Rico,2023,19.54
634,Qatar,2000,199.83
634,Qatar,2001,234.69
634,Qatar,2002,269.55
634,Qatar,2003,304.41
634,Qatar,2004,339.28
634,Qatar,2005,374.14
634,Qatar,2006,425.86
634,Qatar,2007,425.86
634,Qatar,2008,428.62
634,Qatar,2009,429.14
634,Qatar,2010,427.93
634,Qatar,2011,431.03
634,Qatar,2012,431.03
634,Qatar,2013,431.38
634,Qatar,2014,434.66
634,Qatar,2015,431.03
634,Qatar,2016,432.41
634,Qatar,2017,431.03
634,Qatar,2018,431.03
634,Qatar,2019,431.03
634,Qatar,2020,431.03
634,Qatar,2021,431.03
634,Qatar,2022,431.03
634,Qatar,2023,431.03
638,Réunion,2000,13.69
638,Réunion,2001,15.15
638,Réunion,2002,15.18
638,Réunion,2003,15.21
638,Réunion,2004,15.24
638,Réunion,2005,12.34
638,Réunion,2006,13.46
638,Réunion,2007,15.95
638,Réunion,2008,14.32
638,Réunion,2009,13.02
638,Réunion,2010,4.44
638,Réunion,2011,4.44
638,Réunion,2012,4.51
638,Réunion,2013,4.31
638,Réunion,2014,4.33
638,Réunion,2015,3.99
638,Réunion,2016,4.01
638,Réunion,2017,4.3
638,Réunion,2018,4.08
638,Réunion,2019,4.46
638,Réunion,2020,4.46
638,Réunion,2021,4.46
638,Réunion,2022,4.46
638,Réunion,2023,4.46
642,Romania,2000,9.03
642,Romania,2001,8.48
642,Romania,2002,8.63
642,Romania,2003,7.97
642,Romania,2004,6.67
642,Romania,2005,5.72
642,Romania,2006,4.99
642,Romania,2007,6.45
642,Romania,2008,6.76
642,Romania,2009,6.44
642,Romania,2010,5.82
642,Romania,2011,6.17
642,Romania,2012,6.07
642,Romania,2013,6.01
642,Romania,2014,5.88
642,Romania,2015,6.05
642,Romania,2016,5.97
642,Romania,2017,6.34
642,Romania,2018,6.01
642,Romania,2019,6.55
642,Romania,2020,6.92
642,Romania,2021,7.36
642,Romania,2022,7.63
642,Romania,2023,7.49
643,Russian Federation,2000,5.14
643,Russian Federation,2001,5.01
643,Russian Federation,2002,4.99
643,Russian Federation,2003,4.89
643,Russian Federation,2004,4.72
643,Russian Federation,2005,4.73
643,Russian Federation,2006,4.73
643,Russian Federation,2007,4.75
643,Russian Federation,2008,4.73
643,Russian Federation,2009,4.45
643,Russian Federation,2010,4.62
643,Russian Federation,2011,4.37
643,Russian Federation,2012,4.22
643,Russian Federation,2013,4.14
643,Russian Federation,2014,4.5
643,Russian Federation,2015,3.97
643,Russian Federation,2016,4.12
643,Russian Federation,2017,4.1
643,Russian Federation,2018,4.12
643,Russian Federation,2019,4.06
643,Russian Federation,2020,3.62
643,Russian Federation,2021,3.86
643,Russian Federation,2022,3.92
643,Russian Federation,2023,4.16
646,Rwanda,2000,4.97
646,Rwanda,2001,5.64
646,Rwanda,2002,6.32
646,Rwanda,2003,6.99
646,Rwanda,2004,7.66
646,Rwanda,2005,8.34
646,Rwanda,2006,9.16
646,Rwanda,2007,9.98
646,Rwanda,2008,10.81
646,Rwanda,2009,11.63
646,Rwanda,2010,12.46
646,Rwanda,2011,13.28
646,Rwanda,2012,14.1
646,Rwanda,2013,14.93
646,Rwanda,2014,15.75
646,Rwanda,2015,5.38
646,Rwanda,2016,5.64
646,Rwanda,2017,5.91
646,Rwanda,2018,6.18
646,Rwanda,2019,6.55
646,Rwanda,2020,6.55
646,Rwanda,2021,6.55
646,Rwanda,2022,6.55
646,Rwanda,2023,6.55
659,Saint Kitts and Nevis,2000,nan
659,Saint Kitts and Nevis,2001,23.96
659,Saint Kitts and Nevis,2002,23.54
659,Saint Kitts and Nevis,2003,24.27
659,Saint Kitts and Nevis,2004,25.76
659,Saint Kitts and Nevis,2005,25.25
659,Saint Kitts and Nevis,2006,28.74
659,Saint Kitts and Nevis,2007,25.37
659,Saint Kitts and Nevis,2008,27.41
659,Saint Kitts and Nevis,2009,29.45
659,Saint Kitts and Nevis,2010,30.21
659,Saint Kitts and Nevis,2011,33.82
659,Saint Kitts and Nevis,2012,31.96
659,Saint Kitts and Nevis,2013,31.96
659,Saint Kitts and Nevis,2014,31.96
659,Saint Kitts and Nevis,2015,31.96
659,Saint Kitts and Nevis,2016,31.96
659,Saint Kitts and Nevis,2017,31.96
659,Saint Kitts and Nevis,2018,31.96
659,Saint Kitts and Nevis,2019,31.96
659,Saint Kitts and Nevis,2020,31.96
659,Saint Kitts and Nevis,2021,31.96
659,Saint Kitts and Nevis,2022,31.96
659,Saint Kitts and Nevis,2023,31.96
662,Saint Lucia,2000,nan
662,Saint Lucia,2001,nan
662,Saint Lucia,2002,nan
662,Saint Lucia,2003,nan
662,Saint Lucia,2004,nan
662,Saint Lucia,2005,nan
662,Saint Lucia,2006,nan
662,Saint Lucia,2007,14.3
662,Saint Lucia,2008,14.3
662,Saint Lucia,2009,14.3
662,Saint Lucia,2010,14.3
662,Saint Lucia,2011,14.3
662,Saint Lucia,2012,14.3
662,Saint Lucia,2013,14.3
662,Saint Lucia,2014,14.3
662,Saint Lucia,2015,14.3
662,Saint Lucia,2016,14.3
662,Saint Lucia,2017,14.3
662,Saint Lucia,2018,14.3
662,Saint Lucia,2019,14.3
662,Saint Lucia,2020,14.3
662,Saint Lucia,2021,14.3
662,Saint Lucia,2022,14.3
662,Saint Lucia,2023,14.3
670,Saint Vincent and the Grenadines,2000,9.75
670,Saint Vincent and the Grenadines,2001,9.7
670,Saint Vincent and the Grenadines,2002,9.65
670,Saint Vincent and the Grenadines,2003,9.6
670,Saint Vincent and the Grenadines,2004,9.55
670,Saint Vincent and the Grenadines,2005,9.5
670,Saint Vincent and the Grenadines,2006,9.3
670,Saint Vincent and the Grenadines,2007,9.1
670,Saint Vincent and the Grenadines,2008,8.9
670,Saint Vincent and the Grenadines,2009,8.7
670,Saint Vincent and the Grenadines,2010,8.5
670,Saint Vincent and the Grenadines,2011,8.3
670,Saint Vincent and the Grenadines,2012,8.1
670,Saint Vincent and the Grenadines,2013,7.9
670,Saint Vincent and the Grenadines,2014,7.9
670,Saint Vincent and the Grenadines,2015,7.9
670,Saint Vincent and the Grenadines,2016,7.9
670,Saint Vincent and the Grenadines,2017,7.9
670,Saint Vincent and the Grenadines,2018,7.9
670,Saint Vincent and the Grenadines,2019,7.9
670,Saint Vincent and the Grenadines,2020,7.9
670,Saint Vincent and the Grenadines,2021,7.9
670,Saint Vincent and the Grenadines,2022,7.9
670,Saint Vincent and the Grenadines,2023,7.9
678,Sao Tome and Principe,2000,0.79
678,Sao Tome and Principe,2001,0.86
678,Sao Tome and Principe,2002,0.93
678,Sao Tome and Principe,2003,1.0
678,Sao Tome and Principe,2004,1.06
678,Sao Tome and Principe,2005,1.13
678,Sao Tome and Principe,2006,1.2
678,Sao Tome and Principe,2007,1.27
678,Sao Tome and Principe,2008,1.34
678,Sao Tome and Principe,2009,1.4
678,Sao Tome and Principe,2010,1.47
678,Sao Tome and Principe,2011,1.54
678,Sao Tome and Principe,2012,1.61
678,Sao Tome and Principe,2013,1.67
678,Sao Tome and Principe,2014,1.74
678,Sao Tome and Principe,2015,1.81
678,Sao Tome and Principe,2016,1.88
678,Sao Tome and Principe,2017,1.88
678,Sao Tome and Principe,2018,1.88
678,Sao Tome and Principe,2019,1.88
678,Sao Tome and Principe,2020,1.88
678,Sao Tome and Principe,2021,1.88
678,Sao Tome and Principe,2022,1.88
678,Sao Tome and Principe,2023,1.88
682,Saudi Arabia,2000,819.76
682,Saudi Arabia,2001,832.64
682,Saudi Arabia,2002,847.78
682,Saudi Arabia,2003,858.17
682,Saudi Arabia,2004,870.14
682,Saudi Arabia,2005,894.82
682,Saudi Arabia,2006,943.33
682,Saudi Arabia,2007,877.23
682,Saudi Arabia,2008,811.13
682,Saudi Arabia,2009,745.03
682,Saudi Arabia,2010,678.93
682,Saudi Arabia,2011,735.56
682,Saudi Arabia,2012,797.72
682,Saudi Arabia,2013,853.46
682,Saudi Arabia,2014,894.71
682,Saudi Arabia,2015,948.88
682,Saudi Arabia,2016,929.58
682,Saudi Arabia,2017,955.96
682,Saudi Arabia,2018,974.17
682,Saudi Arabia,2019,974.17
682,Saudi Arabia,2020,974.17
682,Saudi Arabia,2021,974.17
682,Saudi Arabia,2022,974.17
682,Saudi Arabia,2023,974.17
686,Senegal,2000,8.45
686,Senegal,2001,10.13
686,Senegal,2002,11.81
686,Senegal,2003,11.9
686,Senegal,2004,11.99
686,Senegal,2005,12.08
686,Senegal,2006,12.17
686,Senegal,2007,12.26
686,Senegal,2008,12.35
686,Senegal,2009,12.44
686,Senegal,2010,12.53
686,Senegal,2011,12.62
686,Senegal,2012,12.71
686,Senegal,2013,12.8
686,Senegal,2014,12.89
686,Senegal,2015,12.99
686,Senegal,2016,13.08
686,Senegal,2017,13.16
686,Senegal,2018,16.09
686,Senegal,2019,16.28
686,Senegal,2020,16.28
686,Senegal,2021,16.28
686,Senegal,2022,16.28
686,Senegal,2023,16.28
688,Serbia,2000,nan
688,Serbia,2001,nan
688,Serbia,2002,nan
688,Serbia,2003,nan
688,Serbia,2004,nan
688,Serbia,2005,nan
688,Serbia,2006,2.39
688,Serbia,2007,4.46
688,Serbia,2008,5.29
688,Serbia,2009,5.22
688,Serbia,2010,4.98
688,Serbia,2011,5.35
688,Serbia,2012,4.96
688,Serbia,2013,5.31
688,Serbia,2014,4.43
688,Serbia,2015,5.28
688,Serbia,2016,5.3
688,Serbia,2017,6.06
688,Serbia,2018,6.26
688,Serbia,2019,6.33
688,Serbia,2020,5.75
688,Serbia,2021,5.44
688,Serbia,2022,5.74
688,Serbia,2023,5.81
694,Sierra Leone,2000,0.44
694,Sierra Leone,2001,0.45
694,Sierra Leone,2002,0.46
694,Sierra Leone,2003,0.47
694,Sierra Leone,2004,0.48
694,Sierra Leone,2005,0.5
694,Sierra Leone,2006,0.5
694,Sierra Leone,2007,0.5
694,Sierra Leone,2008,0.5
694,Sierra Leone,2009,0.5
694,Sierra Leone,2010,0.5
694,Sierra Leone,2011,0.5
694,Sierra Leone,2012,0.5
694,Sierra Leone,2013,0.5
694,Sierra Leone,2014,0.5
694,Sierra Leone,2015,0.5
694,Sierra Leone,2016,0.5
694,Sierra Leone,2017,0.5
694,Sierra Leone,2018,0.5
694,Sierra Leone,2019,0.5
694,Sierra Leone,2020,0.5
694,Sierra Leone,2021,0.5
694,Sierra Leone,2022,0.5
694,Sierra Leone,2023,0.5
702,Singapore,2000,309.14
702,Singapore,2001,323.01
702,Singapore,2002,332.54
702,Singapore,2003,346.34
702,Singapore,2004,360.14
702,Singapore,2005,370.38
702,Singapore,2006,339.16
702,Singapore,2007,307.93
702,Singapore,2008,277.32
702,Singapore,2009,245.05
702,Singapore,2010,212.78
702,Singapore,2011,180.51
702,Singapore,2012,152.9
702,Singapore,2013,125.29
702,Singapore,2014,82.04
702,Singapore,2015,58.12
702,Singapore,2016,58.5
702,Singapore,2017,83.22
702,Singapore,2018,54.92
702,Singapore,2019,55.7
702,Singapore,2020,56.65
702,Singapore,2021,31.84
702,Singapore,2022,7.04
702,Singapore,2023,7.04
703,Slovakia,2000,5.04
703,Slovakia,2001,4.88
703,Slovakia,2002,4.71
703,Slovakia,2003,4.44
703,Slovakia,2004,4.17
703,Slovakia,2005,3.9
703,Slovakia,2006,3.43
703,Slovakia,2007,2.96
703,Slovakia,2008,2.86
703,Slovakia,2009,2.7
703,Slovakia,2010,2.58
703,Slovakia,2011,2.55
703,Slovakia,2012,2.86
703,Slovakia,2013,2.74
703,Slovakia,2014,2.41
703,Slovakia,2015,2.47
703,Slovakia,2016,2.39
703,Slovakia,2017,2.39
703,Slovakia,2018,2.39
703,Slovakia,2019,2.4
703,Slovakia,2020,2.39
703,Slovakia,2021,2.44
703,Slovakia,2022,2.43
703,Slovakia,2023,2.43
704,Viet Nam,2000,15.9
704,Viet Nam,2001,16.36
704,Viet Nam,2002,16.81
704,Viet Nam,2003,17.22
704,Viet Nam,2004,17.68
704,Viet Nam,2005,18.13
704,Viet Nam,2006,18.09
704,Viet Nam,2007,18.06
704,Viet Nam,2008,18.02
704,Viet Nam,2009,17.98
704,Viet Nam,2010,17.94
704,Viet Nam,2011,17.91
704,Viet Nam,2012,17.87
704,Viet Nam,2013,17.83
704,Viet Nam,2014,17.79
704,Viet Nam,2015,17.76
704,Viet Nam,2016,17.76
704,Viet Nam,2017,17.76
704,Viet Nam,2018,17.76
704,Viet Nam,2019,17.76
704,Viet Nam,2020,17.76
704,Viet Nam,2021,17.76
704,Viet Nam,2022,17.76
704,Viet Nam,2023,17.76
705,Slovenia,2000,nan
705,Slovenia,2001,nan
705,Slovenia,2002,6.08
705,Slovenia,2003,6.13
705,Slovenia,2004,6.19
705,Slovenia,2005,6.24
705,Slovenia,2006,6.28
705,Slovenia,2007,6.32
705,Slovenia,2008,7.03
705,Slovenia,2009,6.37
705,Slovenia,2010,6.26
705,Slovenia,2011,5.75
705,Slovenia,2012,6.27
705,Slovenia,2013,7.81
705,Slovenia,2014,6.63
705,Slovenia,2015,6.06
705,Slovenia,2016,6.0
705,Slovenia,2017,6.3
705,Slovenia,2018,6.5
705,Slovenia,2019,6.38
705,Slovenia,2020,6.78
705,Slovenia,2021,6.29
705,Slovenia,2022,5.59
705,Slovenia,2023,6.41
706,Somalia,2000,24.47
706,Somalia,2001,24.49
706,Somalia,2002,24.51
706,Somalia,2003,24.53
706,Somalia,2004,24.53
706,Somalia,2005,24.53
706,Somalia,2006,24.53
706,Somalia,2007,24.53
706,Somalia,2008,24.53
706,Somalia,2009,24.53
706,Somalia,2010,24.53
706,Somalia,2011,24.53
706,Somalia,2012,24.53
706,Somalia,2013,24.53
706,Somalia,2014,24.53
706,Somalia,2015,24.53
706,Somalia,2016,24.53
706,Somalia,2017,24.53
706,Somalia,2018,24.53
706,Somalia,2019,24.53
706,Somalia,2020,24.53
706,Somalia,2021,24.53
706,Somalia,2022,24.53
706,Somalia,2023,24.53
710,South Africa,2000,31.87
710,South Africa,2001,36.09
710,South Africa,2002,51.95
710,South Africa,2003,54.91
710,South Africa,2004,47.92
710,South Africa,2005,55.04
710,South Africa,2006,56.18
710,South Africa,2007,56.22
710,South Africa,2008,56.45
710,South Africa,2009,56.65
710,South Africa,2010,55.24
710,South Africa,2011,57.82
710,South Africa,2012,58.46
710,South Africa,2013,58.72
710,South Africa,2014,59.14
710,South Africa,2015,59.75
710,South Africa,2016,60.97
710,South Africa,2017,62.06
710,South Africa,2018,62.89
710,South Africa,2019,64.04
710,South Africa,2020,65.03
710,South Africa,2021,66.89
710,South Africa,2022,67.6
710,South Africa,2023,67.6
716,Zimbabwe,2000,35.74
716,Zimbabwe,2001,37.61
716,Zimbabwe,2002,39.48
716,Zimbabwe,2003,38.28
716,Zimbabwe,2004,37.09
716,Zimbabwe,2005,35.9
716,Zimbabwe,2006,34.71
716,Zimbabwe,2007,33.51
716,Zimbabwe,2008,33.31
716,Zimbabwe,2009,33.11
716,Zimbabwe,2010,32.9
716,Zimbabwe,2011,32.7
716,Zimbabwe,2012,32.49
716,Zimbabwe,2013,32.29
716,Zimbabwe,2014,32.08
716,Zimbabwe,2015,31.88
716,Zimbabwe,2016,31.94
716,Zimbabwe,2017,31.35
716,Zimbabwe,2018,35.41
716,Zimbabwe,2019,39.77
716,Zimbabwe,2020,46.09
716,Zimbabwe,2021,46.09
716,Zimbabwe,2022,46.09
716,Zimbabwe,2023,46.09
722,Small island developing States (SIDS),2000,3.02
722,Small island developing States (SIDS),2001,3.07
722,Small island developing States (SIDS),2002,3.12
722,Small island developing States (SIDS),2003,3.15
722,Small island developing States (SIDS),2004,3.13
722,Small island developing States (SIDS),2005,3.16
722,Small island developing States (SIDS),2006,3.21
722,Small island developing States (SIDS),2007,3.24
722,Small island developing States (SIDS),2008,3.46
722,Small island developing States (SIDS),2009,3.51
722,Small island developing States (SIDS),2010,3.72
722,Small island developing States (SIDS),2011,3.68
722,Small island developing States (SIDS),2012,3.64
722,Small island developing States (SIDS),2013,3.54
722,Small island developing States (SIDS),2014,3.67
722,Small island developing States (SIDS),2015,3.22
722,Small island developing States (SIDS),2016,3.3
722,Small island developing States (SIDS),2017,3.43
722,Small island developing States (SIDS),2018,3.51
722,Small island developing States (SIDS),2019,3.47
722,Small island developing States (SIDS),2020,3.4
722,Small island developing States (SIDS),2021,3.36
722,Small island developing States (SIDS),2022,3.34
722,Small island developing States (SIDS),2023,3.34
724,Spain,2000,49.22
724,Spain,2001,48.82
724,Spain,2002,48.41
724,Spain,2003,49.28
724,Spain,2004,50.16
724,Spain,2005,51.04
724,Spain,2006,49.36
724,Spain,2007,47.68
724,Spain,2008,47.41
724,Spain,2009,49.24
724,Spain,2010,47.73
724,Spain,2011,47.81
724,Spain,2012,49.58
724,Spain,2013,44.1
724,Spain,2014,44.8
724,Spain,2015,42.96
724,Spain,2016,42.56
724,Spain,2017,41.03
724,Spain,2018,40.09
724,Spain,2019,39.83
724,Spain,2020,43.25
724,Spain,2021,43.25
724,Spain,2022,43.25
724,Spain,2023,43.25
728,South Sudan,2000,nan
728,South Sudan,2001,nan
728,South Sudan,2002,nan
728,South Sudan,2003,nan
728,South Sudan,2004,nan
728,South Sudan,2005,nan
728,South Sudan,2006,nan
728,South Sudan,2007,nan
728,South Sudan,2008,nan
728,South Sudan,2009,nan
728,South Sudan,2010,nan
728,South Sudan,2011,nan
728,South Sudan,2012,4.23
728,South Sudan,2013,4.23
728,South Sudan,2014,4.23
728,South Sudan,2015,4.23
728,South Sudan,2016,4.23
728,South Sudan,2017,4.23
728,South Sudan,2018,4.23
728,South Sudan,2019,4.23
728,South Sudan,2020,4.23
728,South Sudan,2021,4.23
728,South Sudan,2022,4.23
728,South Sudan,2023,4.23
729,Sudan,2000,nan
729,Sudan,2001,nan
729,Sudan,2002,nan
729,Sudan,2003,nan
729,Sudan,2004,nan
729,Sudan,2005,nan
729,Sudan,2006,nan
729,Sudan,2007,nan
729,Sudan,2008,nan
729,Sudan,2009,nan
729,Sudan,2010,nan
729,Sudan,2011,nan
729,Sudan,2012,118.66
729,Sudan,2013,118.66
729,Sudan,2014,118.66
729,Sudan,2015,118.66
729,Sudan,2016,118.66
729,Sudan,2017,118.66
729,Sudan,2018,118.66
729,Sudan,2019,118.66
729,Sudan,2020,118.66
729,Sudan,2021,118.66
729,Sudan,2022,118.66
729,Sudan,2023,118.66
740,Suriname,2000,4.3
740,Suriname,2001,4.24
740,Suriname,2002,4.18
740,Suriname,2003,4.12
740,Suriname,2004,4.07
740,Suriname,2005,4.01
740,Suriname,2006,3.95
740,Suriname,2007,3.95
740,Suriname,2008,3.95
740,Suriname,2009,3.95
740,Suriname,2010,3.95
740,Suriname,2011,3.95
740,Suriname,2012,3.95
740,Suriname,2013,3.95
740,Suriname,2014,3.95
740,Suriname,2015,3.95
740,Suriname,2016,3.95
740,Suriname,2017,3.95
740,Suriname,2018,3.95
740,Suriname,2019,3.95
740,Suriname,2020,3.95
740,Suriname,2021,3.95
740,Suriname,2022,3.95
740,Suriname,2023,3.95
747,Northern Africa and Western Asia,2000,69.11
747,Northern Africa and Western Asia,2001,66.98
747,Northern Africa and Western Asia,2002,66.77
747,Northern Africa and Western Asia,2003,65.86
747,Northern Africa and Western Asia,2004,66.46
747,Northern Africa and Western Asia,2005,66.93
747,Northern Africa and Western Asia,2006,69.62
747,Northern Africa and Western Asia,2007,68.37
747,Northern Africa and Western Asia,2008,67.08
747,Northern Africa and Western Asia,2009,64.95
747,Northern Africa and Western Asia,2010,67.12
747,Northern Africa and Western Asia,2011,66.45
747,Northern Africa and Western Asia,2012,72.76
747,Northern Africa and Western Asia,2013,72.5
747,Northern Africa and Western Asia,2014,72.2
747,Northern Africa and Western Asia,2015,73.32
747,Northern Africa and Western Asia,2016,75.93
747,Northern Africa and Western Asia,2017,76.44
747,Northern Africa and Western Asia,2018,75.49
747,Northern Africa and Western Asia,2019,82.38
747,Northern Africa and Western Asia,2020,80.17
747,Northern Africa and Western Asia,2021,78.65
747,Northern Africa and Western Asia,2022,77.9
747,Northern Africa and Western Asia,2023,77.68
748,Eswatini,2000,75.67
748,Eswatini,2001,76.05
748,Eswatini,2002,76.43
748,Eswatini,2003,76.8
748,Eswatini,2004,77.18
748,Eswatini,2005,77.56
748,Eswatini,2006,77.56
748,Eswatini,2007,77.56
748,Eswatini,2008,77.56
748,Eswatini,2009,77.56
748,Eswatini,2010,77.56
748,Eswatini,2011,77.56
748,Eswatini,2012,77.56
748,Eswatini,2013,77.56
748,Eswatini,2014,77.56
748,Eswatini,2015,77.56
748,Eswatini,2016,77.56
748,Eswatini,2017,77.56
748,Eswatini,2018,77.56
748,Eswatini,2019,77.56
748,Eswatini,2020,77.56
748,Eswatini,2021,77.56
748,Eswatini,2022,77.56
748,Eswatini,2023,77.56
752,Sweden,2000,3.88
752,Sweden,2001,3.86
752,Sweden,2002,3.86
752,Sweden,2003,3.84
752,Sweden,2004,3.82
752,Sweden,2005,3.8
752,Sweden,2006,3.8
752,Sweden,2007,3.8
752,Sweden,2008,3.82
752,Sweden,2009,3.85
752,Sweden,2010,3.88
752,Sweden,2011,3.79
752,Sweden,2012,3.7
752,Sweden,2013,3.61
752,Sweden,2014,3.52
752,Sweden,2015,3.43
752,Sweden,2016,3.46
752,Sweden,2017,3.49
752,Sweden,2018,3.52
752,Sweden,2019,3.55
752,Sweden,2020,3.58
752,Sweden,2021,3.58
752,Sweden,2022,3.58
752,Sweden,2023,3.58
753,Eastern and South-Eastern Asia,2000,28.53
753,Eastern and South-Eastern Asia,2001,28.69
753,Eastern and South-Eastern Asia,2002,28.77
753,Eastern and South-Eastern Asia,2003,28.49
753,Eastern and South-Eastern Asia,2004,29.05
753,Eastern and South-Eastern Asia,2005,28.79
753,Eastern and South-Eastern Asia,2006,28.45
753,Eastern and South-Eastern Asia,2007,28.95
753,Eastern and South-Eastern Asia,2008,29.29
753,Eastern and South-Eastern Asia,2009,29.53
753,Eastern and South-Eastern Asia,2010,29.8
753,Eastern and South-Eastern Asia,2011,30.1
753,Eastern and South-Eastern Asia,2012,30.28
753,Eastern and South-Eastern Asia,2013,30.52
753,Eastern and South-Eastern Asia,2014,30.39
753,Eastern and South-Eastern Asia,2015,30.54
753,Eastern and South-Eastern Asia,2016,30.39
753,Eastern and South-Eastern Asia,2017,30.53
753,Eastern and South-Eastern Asia,2018,30.63
753,Eastern and South-Eastern Asia,2019,30.62
753,Eastern and South-Eastern Asia,2020,30.12
753,Eastern and South-Eastern Asia,2021,30.31
753,Eastern and South-Eastern Asia,2022,30.57
753,Eastern and South-Eastern Asia,2023,30.33
756,Switzerland,2000,9.66
756,Switzerland,2001,9.63
756,Switzerland,2002,9.6
756,Switzerland,2003,9.41
756,Switzerland,2004,9.21
756,Switzerland,2005,9.02
756,Switzerland,2006,8.82
756,Switzerland,2007,8.62
756,Switzerland,2008,8.43
756,Switzerland,2009,8.23
756,Switzerland,2010,8.04
756,Switzerland,2011,7.84
756,Switzerland,2012,7.63
756,Switzerland,2013,6.56
756,Switzerland,2014,6.5
756,Switzerland,2015,6.51
756,Switzerland,2016,6.5
756,Switzerland,2017,6.5
756,Switzerland,2018,6.5
756,Switzerland,2019,6.5
756,Switzerland,2020,6.5
756,Switzerland,2021,6.5
756,Switzerland,2022,6.5
756,Switzerland,2023,6.5
760,Syrian Arab Republic,2000,134.22
760,Syrian Arab Republic,2001,138.52
760,Syrian Arab Republic,2002,145.69
760,Syrian Arab Republic,2003,128.64
760,Syrian Arab Republic,2004,125.65
760,Syrian Arab Republic,2005,125.96
760,Syrian Arab Republic,2006,125.96
760,Syrian Arab Republic,2007,125.96
760,Syrian Arab Republic,2008,125.96
760,Syrian Arab Republic,2009,125.56
760,Syrian Arab Republic,2010,125.16
760,Syrian Arab Republic,2011,124.76
760,Syrian Arab Republic,2012,124.36
760,Syrian Arab Republic,2013,124.36
760,Syrian Arab Republic,2014,124.36
760,Syrian Arab Republic,2015,124.36
760,Syrian Arab Republic,2016,124.36
760,Syrian Arab Republic,2017,124.36
760,Syrian Arab Republic,2018,124.36
760,Syrian Arab Republic,2019,124.36
760,Syrian Arab Republic,2020,124.36
760,Syrian Arab Republic,2021,124.36
760,Syrian Arab Republic,2022,124.36
760,Syrian Arab Republic,2023,124.36
762,Tajikistan,2000,81.2
762,Tajikistan,2001,79.98
762,Tajikistan,2002,78.75
762,Tajikistan,2003,77.53
762,Tajikistan,2004,76.3
762,Tajikistan,2005,75.08
762,Tajikistan,2006,73.85
762,Tajikistan,2007,73.29
762,Tajikistan,2008,72.72
762,Tajikistan,2009,72.15
762,Tajikistan,2010,71.58
762,Tajikistan,2011,71.01
762,Tajikistan,2012,70.45
762,Tajikistan,2013,69.88
762,Tajikistan,2014,69.31
762,Tajikistan,2015,68.74
762,Tajikistan,2016,57.72
762,Tajikistan,2017,52.7
762,Tajikistan,2018,64.48
762,Tajikistan,2019,69.94
762,Tajikistan,2020,69.94
762,Tajikistan,2021,69.94
762,Tajikistan,2022,69.94
762,Tajikistan,2023,69.94
764,Thailand,2000,nan
764,Thailand,2001,nan
764,Thailand,2002,nan
764,Thailand,2003,nan
764,Thailand,2004,nan
764,Thailand,2005,nan
764,Thailand,2006,nan
764,Thailand,2007,23.01
764,Thailand,2008,21.93
764,Thailand,2009,20.84
764,Thailand,2010,19.76
764,Thailand,2011,18.67
764,Thailand,2012,17.59
764,Thailand,2013,16.5
764,Thailand,2014,15.41
764,Thailand,2015,14.33
764,Thailand,2016,11.82
764,Thailand,2017,12.57
764,Thailand,2018,15.46
764,Thailand,2019,18.43
764,Thailand,2020,18.87
764,Thailand,2021,17.76
764,Thailand,2022,20.18
764,Thailand,2023,21.48
768,Togo,2000,2.58
768,Togo,2001,2.58
768,Togo,2002,2.57
768,Togo,2003,2.33
768,Togo,2004,3.12
768,Togo,2005,3.39
768,Togo,2006,3.39
768,Togo,2007,3.39
768,Togo,2008,3.39
768,Togo,2009,3.39
768,Togo,2010,3.39
768,Togo,2011,3.39
768,Togo,2012,2.57
768,Togo,2013,3.39
768,Togo,2014,3.39
768,Togo,2015,3.39
768,Togo,2016,3.39
768,Togo,2017,3.39
768,Togo,2018,3.39
768,Togo,2019,3.39
768,Togo,2020,3.39
768,Togo,2021,3.39
768,Togo,2022,3.39
768,Togo,2023,3.39
780,Trinidad and Tobago,2000,19.59
780,Trinidad and Tobago,2001,18.57
780,Trinidad and Tobago,2002,19.86
780,Trinidad and Tobago,2003,17.82
780,Trinidad and Tobago,2004,19.48
780,Trinidad and Tobago,2005,20.87
780,Trinidad and Tobago,2006,20.9
780,Trinidad and Tobago,2007,20.81
780,Trinidad and Tobago,2008,21.17
780,Trinidad and Tobago,2009,20.05
780,Trinidad and Tobago,2010,18.22
780,Trinidad and Tobago,2011,20.33
780,Trinidad and Tobago,2012,20.75
780,Trinidad and Tobago,2013,21.17
780,Trinidad and Tobago,2014,19.38
780,Trinidad and Tobago,2015,18.86
780,Trinidad and Tobago,2016,20.5
780,Trinidad and Tobago,2017,20.4
780,Trinidad and Tobago,2018,20.29
780,Trinidad and Tobago,2019,20.19
780,Trinidad and Tobago,2020,20.09
780,Trinidad and Tobago,2021,19.98
780,Trinidad and Tobago,2022,19.88
780,Trinidad and Tobago,2023,19.88
784,United Arab Emirates,2000,1555.87
784,United Arab Emirates,2001,1527.93
784,United Arab Emirates,2002,1499.99
784,United Arab Emirates,2003,1472.05
784,United Arab Emirates,2004,1669.36
784,United Arab Emirates,2005,1866.67
784,United Arab Emirates,2006,1859.47
784,United Arab Emirates,2007,1852.27
784,United Arab Emirates,2008,1845.07
784,United Arab Emirates,2009,1837.87
784,United Arab Emirates,2010,1830.67
784,United Arab Emirates,2011,1823.47
784,United Arab Emirates,2012,1816.27
784,United Arab Emirates,2013,1809.07
784,United Arab Emirates,2014,1801.87
784,United Arab Emirates,2015,1794.67
784,United Arab Emirates,2016,1679.33
784,United Arab Emirates,2017,1630.0
784,United Arab Emirates,2018,1667.33
784,United Arab Emirates,2019,1628.67
784,United Arab Emirates,2020,1587.33
784,United Arab Emirates,2021,1516.67
784,United Arab Emirates,2022,1668.67
784,United Arab Emirates,2023,1437.33
788,Tunisia,2000,64.14
788,Tunisia,2001,71.33
788,Tunisia,2002,66.95
788,Tunisia,2003,61.09
788,Tunisia,2004,59.7
788,Tunisia,2005,62.16
788,Tunisia,2006,63.66
788,Tunisia,2007,64.24
788,Tunisia,2008,73.99
788,Tunisia,2009,64.28
788,Tunisia,2010,68.3
788,Tunisia,2011,84.29
788,Tunisia,2012,72.22
788,Tunisia,2013,73.9
788,Tunisia,2014,80.8
788,Tunisia,2015,87.71
788,Tunisia,2016,94.61
788,Tunisia,2017,89.53
788,Tunisia,2018,96.0
788,Tunisia,2019,93.3
788,Tunisia,2020,90.29
788,Tunisia,2021,93.31
788,Tunisia,2022,94.51
788,Tunisia,2023,97.05
792,Türkiye,2000,31.2
792,Türkiye,2001,30.41
792,Türkiye,2002,29.62
792,Türkiye,2003,28.83
792,Türkiye,2004,29.37
792,Türkiye,2005,29.9
792,Türkiye,2006,30.44
792,Türkiye,2007,30.8
792,Türkiye,2008,31.17
792,Türkiye,2009,33.52
792,Türkiye,2010,34.88
792,Türkiye,2011,36.2
792,Türkiye,2012,37.52
792,Türkiye,2013,38.06
792,Türkiye,2014,38.6
792,Türkiye,2015,39.89
792,Türkiye,2016,44.28
792,Türkiye,2017,43.67
792,Türkiye,2018,45.38
792,Türkiye,2019,46.3
792,Türkiye,2020,46.13
792,Türkiye,2021,43.38
792,Türkiye,2022,47.89
792,Türkiye,2023,47.89
795,Turkmenistan,2000,127.91
795,Turkmenistan,2001,130.94
795,Turkmenistan,2002,133.96
795,Turkmenistan,2003,136.99
795,Turkmenistan,2004,143.56
795,Turkmenistan,2005,143.56
795,Turkmenistan,2006,143.56
795,Turkmenistan,2007,143.69
795,Turkmenistan,2008,143.82
795,Turkmenistan,2009,143.95
795,Turkmenistan,2010,144.08
795,Turkmenistan,2011,144.21
795,Turkmenistan,2012,144.34
795,Turkmenistan,2013,144.47
795,Turkmenistan,2014,144.6
795,Turkmenistan,2015,144.73
795,Turkmenistan,2016,144.86
795,Turkmenistan,2017,148.67
795,Turkmenistan,2018,138.49
795,Turkmenistan,2019,142.75
795,Turkmenistan,2020,135.21
795,Turkmenistan,2021,135.21
795,Turkmenistan,2022,135.21
795,Turkmenistan,2023,135.21
800,Uganda,2000,3.02
800,Uganda,2001,3.16
800,Uganda,2002,3.31
800,Uganda,2003,3.73
800,Uganda,2004,4.15
800,Uganda,2005,4.57
800,Uganda,2006,4.99
800,Uganda,2007,5.41
800,Uganda,2008,5.83
800,Uganda,2009,5.83
800,Uganda,2010,5.83
800,Uganda,2011,5.83
800,Uganda,2012,5.83
800,Uganda,2013,5.83
800,Uganda,2014,5.83
800,Uganda,2015,5.83
800,Uganda,2016,5.83
800,Uganda,2017,5.83
800,Uganda,2018,5.83
800,Uganda,2019,5.83
800,Uganda,2020,5.83
800,Uganda,2021,5.83
800,Uganda,2022,5.83
800,Uganda,2023,5.83
804,Ukraine,2000,23.68
804,Ukraine,2001,22.86
804,Ukraine,2002,20.07
804,Ukraine,2003,18.3
804,Ukraine,2004,17.85
804,Ukraine,2005,18.47
804,Ukraine,2006,18.68
804,Ukraine,2007,19.9
804,Ukraine,2008,19.19
804,Ukraine,2009,17.69
804,Ukraine,2010,18.03
804,Ukraine,2011,17.74
804,Ukraine,2012,17.91
804,Ukraine,2013,16.69
804,Ukraine,2014,14.12
804,Ukraine,2015,11.8
804,Ukraine,2016,12.08
804,Ukraine,2017,13.87
804,Ukraine,2018,13.87
804,Ukraine,2019,13.73
804,Ukraine,2020,12.26
804,Ukraine,2021,10.84
804,Ukraine,2022,6.3
804,Ukraine,2023,7.33
807,North Macedonia,2000,16.75
807,North Macedonia,2001,16.04
807,North Macedonia,2002,15.32
807,North Macedonia,2003,19.55
807,North Macedonia,2004,23.77
807,North Macedonia,2005,28.0
807,North Macedonia,2006,20.67
807,North Macedonia,2007,13.34
807,North Macedonia,2008,19.34
807,North Macedonia,2009,25.34
807,North Macedonia,2010,22.0
807,North Macedonia,2011,18.66
807,North Macedonia,2012,15.31
807,North Macedonia,2013,11.97
807,North Macedonia,2014,16.4
807,North Macedonia,2015,20.83
807,North Macedonia,2016,25.26
807,North Macedonia,2017,38.69
807,North Macedonia,2018,52.12
807,North Macedonia,2019,38.7
807,North Macedonia,2020,34.85
807,North Macedonia,2021,37.93
807,North Macedonia,2022,52.55
807,North Macedonia,2023,65.88
818,Egypt,2000,103.88
818,Egypt,2001,104.42
818,Egypt,2002,104.95
818,Egypt,2003,105.49
818,Egypt,2004,107.04
818,Egypt,2005,107.44
818,Egypt,2006,108.35
818,Egypt,2007,110.21
818,Egypt,2008,115.94
818,Egypt,2009,116.85
818,Egypt,2010,115.75
818,Egypt,2011,112.57
818,Egypt,2012,114.75
818,Egypt,2013,115.12
818,Egypt,2014,113.3
818,Egypt,2015,113.66
818,Egypt,2016,113.66
818,Egypt,2017,112.93
818,Egypt,2018,112.93
818,Egypt,2019,112.93
818,Egypt,2020,112.93
818,Egypt,2021,112.93
818,Egypt,2022,112.93
818,Egypt,2023,112.93
826,United Kingdom of Great Britain and Northern Ireland,2000,21.29
826,United Kingdom of Great Britain and Northern Ireland,2001,21.42
826,United Kingdom of Great Britain and Northern Ireland,2002,21.55
826,United Kingdom of Great Britain and Northern Ireland,2003,21.69
826,United Kingdom of Great Britain and Northern Ireland,2004,21.82
826,United Kingdom of Great Britain and Northern Ireland,2005,21.96
826,United Kingdom of Great Britain and Northern Ireland,2006,22.09
826,United Kingdom of Great Britain and Northern Ireland,2007,14.51
826,United Kingdom of Great Britain and Northern Ireland,2008,14.23
826,United Kingdom of Great Britain and Northern Ireland,2009,14.12
826,United Kingdom of Great Britain and Northern Ireland,2010,14.09
826,United Kingdom of Great Britain and Northern Ireland,2011,13.1
826,United Kingdom of Great Britain and Northern Ireland,2012,13.67
826,United Kingdom of Great Britain and Northern Ireland,2013,13.05
826,United Kingdom of Great Britain and Northern Ireland,2014,12.42
826,United Kingdom of Great Britain and Northern Ireland,2015,13.91
826,United Kingdom of Great Britain and Northern Ireland,2016,14.35
826,United Kingdom of Great Britain and Northern Ireland,2017,14.35
826,United Kingdom of Great Britain and Northern Ireland,2018,14.35
826,United Kingdom of Great Britain and Northern Ireland,2019,14.35
826,United Kingdom of Great Britain and Northern Ireland,2020,14.35
826,United Kingdom of Great Britain and Northern Ireland,2021,14.35
826,United Kingdom of Great Britain and Northern Ireland,2022,14.35
826,United Kingdom of Great Britain and Northern Ireland,2023,14.35
834,United Republic of Tanzania,2000,10.65
834,United Republic of Tanzania,2001,11.81
834,United Republic of Tanzania,2002,12.96
834,United Republic of Tanzania,2003,12.96
834,United Republic of Tanzania,2004,12.96
834,United Republic of Tanzania,2005,12.96
834,United Republic of Tanzania,2006,12.96
834,United Republic of Tanzania,2007,12.96
834,United Republic of Tanzania,2008,12.96
834,United Republic of Tanzania,2009,12.96
834,United Republic of Tanzania,2010,12.96
834,United Republic of Tanzania,2011,12.96
834,United Republic of Tanzania,2012,12.96
834,United Republic of Tanzania,2013,12.96
834,United Republic of Tanzania,2014,12.96
834,United Republic of Tanzania,2015,12.96
834,United Republic of Tanzania,2016,12.96
834,United Republic of Tanzania,2017,12.96
834,United Republic of Tanzania,2018,12.96
834,United Republic of Tanzania,2019,12.96
834,United Republic of Tanzania,2020,12.96
834,United Republic of Tanzania,2021,12.96
834,United Republic of Tanzania,2022,12.96
834,United Republic of Tanzania,2023,12.96
840,United States of America,2000,30.01
840,United States of America,2001,30.08
840,United States of America,2002,30.14
840,United States of America,2003,30.2
840,United States of America,2004,30.27
840,United States of America,2005,30.33
840,United States of America,2006,29.57
840,United States of America,2007,28.81
840,United States of America,2008,28.06
840,United States of America,2009,27.3
840,United States of America,2010,26.54
840,United States of America,2011,26.14
840,United States of America,2012,25.74
840,United States of America,2013,25.34
840,United States of America,2014,24.94
840,United States of America,2015,24.54
840,United States of America,2016,24.54
840,United States of America,2017,24.54
840,United States of America,2018,24.54
840,United States of America,2019,24.54
840,United States of America,2020,24.54
840,United States of America,2021,24.54
840,United States of America,2022,24.54
840,United States of America,2023,24.54
854,Burkina Faso,2000,6.2
854,Burkina Faso,2001,6.52
854,Burkina Faso,2002,6.85
854,Burkina Faso,2003,7.17
854,Burkina Faso,2004,7.5
854,Burkina Faso,2005,7.82
854,Burkina Faso,2006,6.37
854,Burkina Faso,2007,4.93
854,Burkina Faso,2008,3.48
854,Burkina Faso,2009,2.04
854,Burkina Faso,2010,0.59
854,Burkina Faso,2011,0.64
854,Burkina Faso,2012,0.7
854,Burkina Faso,2013,0.74
854,Burkina Faso,2014,0.8
854,Burkina Faso,2015,0.84
854,Burkina Faso,2016,0.88
854,Burkina Faso,2017,0.98
854,Burkina Faso,2018,1.03
854,Burkina Faso,2019,1.09
854,Burkina Faso,2020,1.2
854,Burkina Faso,2021,1.28
854,Burkina Faso,2022,1.28
854,Burkina Faso,2023,1.28
858,Uruguay,2000,9.79
858,Uruguay,2001,9.88
858,Uruguay,2002,9.97
858,Uruguay,2003,10.06
858,Uruguay,2004,10.16
858,Uruguay,2005,10.25
858,Uruguay,2006,10.34
858,Uruguay,2007,10.43
858,Uruguay,2008,10.52
858,Uruguay,2009,10.62
858,Uruguay,2010,10.71
858,Uruguay,2011,10.8
858,Uruguay,2012,10.89
858,Uruguay,2013,10.99
858,Uruguay,2014,11.08
858,Uruguay,2015,11.17
858,Uruguay,2016,11.26
858,Uruguay,2017,11.36
858,Uruguay,2018,11.45
858,Uruguay,2019,11.54
858,Uruguay,2020,11.63
858,Uruguay,2021,11.82
858,Uruguay,2022,12.05
858,Uruguay,2023,11.63
860,Uzbekistan,2000,153.08
860,Uzbekistan,2001,154.12
860,Uzbekistan,2002,150.83
860,Uzbekistan,2003,147.55
860,Uzbekistan,2004,167.64
860,Uzbekistan,2005,140.98
860,Uzbekistan,2006,168.1
860,Uzbekistan,2007,152.01
860,Uzbekistan,2008,125.2
860,Uzbekistan,2009,144.03
860,Uzbekistan,2010,163.95
860,Uzbekistan,2011,139.81
860,Uzbekistan,2012,161.16
860,Uzbekistan,2013,154.79
860,Uzbekistan,2014,148.53
860,Uzbekistan,2015,158.13
860,Uzbekistan,2016,156.45
860,Uzbekistan,2017,168.92
860,Uzbekistan,2018,160.38
860,Uzbekistan,2019,151.84
860,Uzbekistan,2020,143.39
860,Uzbekistan,2021,121.88
860,Uzbekistan,2022,123.03
860,Uzbekistan,2023,123.03
862,Venezuela (Bolivarian Republic of),2000,3.02
862,Venezuela (Bolivarian Republic of),2001,3.68
862,Venezuela (Bolivarian Republic of),2002,4.34
862,Venezuela (Bolivarian Republic of),2003,4.76
862,Venezuela (Bolivarian Republic of),2004,5.38
862,Venezuela (Bolivarian Republic of),2005,6.01
862,Venezuela (Bolivarian Republic of),2006,6.59
862,Venezuela (Bolivarian Republic of),2007,7.54
862,Venezuela (Bolivarian Republic of),2008,7.54
862,Venezuela (Bolivarian Republic of),2009,7.54
862,Venezuela (Bolivarian Republic of),2010,7.54
862,Venezuela (Bolivarian Republic of),2011,7.54
862,Venezuela (Bolivarian Republic of),2012,7.54
862,Venezuela (Bolivarian Republic of),2013,7.54
862,Venezuela (Bolivarian Republic of),2014,7.54
862,Venezuela (Bolivarian Republic of),2015,7.54
862,Venezuela (Bolivarian Republic of),2016,7.54
862,Venezuela (Bolivarian Republic of),2017,7.54
862,Venezuela (Bolivarian Republic of),2018,7.54
862,Venezuela (Bolivarian Republic of),2019,7.54
862,Venezuela (Bolivarian Republic of),2020,7.54
862,Venezuela (Bolivarian Republic of),2021,7.54
862,Venezuela (Bolivarian Republic of),2022,7.54
862,Venezuela (Bolivarian Republic of),2023,7.54
887,Yemen,2000,161.14
887,Yemen,2001,194.0
887,Yemen,2002,202.43
887,Yemen,2003,210.86
887,Yemen,2004,219.29
887,Yemen,2005,227.71
887,Yemen,2006,232.7
887,Yemen,2007,237.68
887,Yemen,2008,242.66
887,Yemen,2009,247.64
887,Yemen,2010,252.62
887,Yemen,2011,258.39
887,Yemen,2012,264.16
887,Yemen,2013,269.93
887,Yemen,2014,275.7
887,Yemen,2015,281.48
887,Yemen,2016,281.48
887,Yemen,2017,281.48
887,Yemen,2018,281.48
887,Yemen,2019,281.48
887,Yemen,2020,281.48
887,Yemen,2021,281.48
887,Yemen,2022,281.48
887,Yemen,2023,281.48
894,Zambia,2000,3.28
894,Zambia,2001,3.06
894,Zambia,2002,2.84
894,Zambia,2003,3.22
894,Zambia,2004,3.6
894,Zambia,2005,3.98
894,Zambia,2006,4.36
894,Zambia,2007,4.74
894,Zambia,2008,5.12
894,Zambia,2009,5.5
894,Zambia,2010,5.88
894,Zambia,2011,6.26
894,Zambia,2012,6.64
894,Zambia,2013,7.02
894,Zambia,2014,7.4
894,Zambia,2015,7.78
894,Zambia,2016,8.17
894,Zambia,2017,8.19
894,Zambia,2018,8.21
894,Zambia,2019,8.23
894,Zambia,2020,8.25
894,Zambia,2021,8.27
894,Zambia,2022,8.44
894,Zambia,2023,8.62
